mgra,free_spaces,paid_spaces,spaces,hourly,daily,monthly
2,22.0,102.0,124.0,1.25,,
12,26.0,51.0,77.0,1.25,,
16,52.0,52.0,104.0,1.25,,
25,10.0,34.0,44.0,1.25,,
28,60.0,110.0,170.0,1.25,,
36,24.0,233.0,257.0,3.625,17.0,200.0
49,394.0,25.0,419.0,1.25,,
52,15.0,0.0,15.0,,,
55,2.0,43.0,45.0,,40.0,
56,16.0,84.0,100.0,1.25,,
59,90.0,12.0,102.0,,,
67,7.0,81.0,88.0,,,
69,131.0,2.0,133.0,,,
70,103.0,16.0,119.0,,,
74,44.0,0.0,44.0,,,
81,83.0,405.0,488.0,6.0,30.0,200.0
85,87.0,0.0,87.0,,,
86,107.0,42.0,149.0,,,
93,22.0,58.0,80.0,,,
94,51.0,31.0,82.0,1.25,,
97,161.0,0.0,161.0,,,
99,56.0,105.0,161.0,1.10713812765443,,
102,36.0,124.0,160.0,1.25,,
124,96.0,90.0,186.0,0.692307692307692,,
131,3.0,46.0,49.0,1.25,,
132,26.0,120.0,146.0,1.25,,
133,307.0,185.0,492.0,,,
135,460.0,18.0,478.0,1.25,,
142,98.0,0.0,98.0,,,
145,191.0,63.0,254.0,1.24999999999999,,
147,128.0,0.0,128.0,,,
159,32.0,125.0,157.0,15.0,15.0,
162,252.0,644.0,896.0,1.120260663507109,13.7863999040134,4.55696202531645
182,115.0,0.0,115.0,,,
186,141.0,35.0,176.0,,,
190,143.0,0.0,143.0,,,
193,33.0,0.0,33.0,,,
201,80.0,0.0,80.0,,,
204,69.0,87.0,156.0,1.25,,
213,435.0,0.0,435.0,,,
224,46.0,55.0,101.0,0.75,,
232,32.0,134.0,166.0,2.339196762141965,11.5342465753424,47.1232876712328
237,60.0,0.0,60.0,,,
238,25.0,384.0,409.0,,,
240,80.0,73.0,153.0,1.875,,
263,157.0,194.0,351.0,1.25,,
275,167.0,0.0,167.0,,,
282,178.0,0.0,178.0,,,
288,267.0,118.0,385.0,1.25,,
290,82.0,4.0,86.0,1.25,,
291,14.0,416.0,430.0,6.125,38.75,
292,8.0,117.0,125.0,0.914140100862394,,
294,76.0,0.0,76.0,,,
295,145.0,0.0,145.0,,,
300,8.0,402.0,410.0,4.625,28.0,190.0
303,211.0,241.0,452.0,0.25,,
305,35.0,80.0,115.0,,,
338,0.0,185.0,185.0,,,
339,73.0,0.0,73.0,,,
342,144.0,104.0,248.0,,,
350,248.0,693.0,941.0,1.87581699346405,9.7516339869281,84.4117647058823
371,20.0,0.0,20.0,,,
374,19.0,0.0,19.0,,,
377,0.0,116.0,116.0,1.25,,
387,97.0,15.0,112.0,1.25,,
392,40.0,0.0,40.0,,,
401,165.0,199.0,364.0,,,
402,435.0,0.0,435.0,,,
407,0.0,133.0,133.0,15.0,24.7439024390243,147.073170731707
411,90.0,4.0,94.0,,,
418,70.0,0.0,70.0,,,
430,122.0,28.0,150.0,1.25,,
431,42.0,0.0,42.0,,,
436,13.0,37.0,50.0,,,
437,7.0,298.0,305.0,4.551701570680625,18.848167539267,161.75392670157
449,44.0,0.0,44.0,,,
453,40.0,25.0,65.0,,,
457,167.0,0.0,167.0,,,
465,48.0,48.0,96.0,1.25,,
471,46.0,103.0,149.0,,,
475,72.0,23.0,95.0,1.24999999999999,,
490,52.0,53.0,105.0,2.5,,
493,146.0,0.0,146.0,,,
494,21.0,0.0,21.0,,,
506,200.0,24.0,224.0,1.25,,
519,14.0,105.0,119.0,11.875,34.5,
520,16.0,110.0,126.0,1.25,,
522,6.0,0.0,6.0,,,
527,24.0,0.0,24.0,,,
528,124.0,0.0,124.0,,,
535,361.0,0.0,361.0,,,
542,270.0,0.0,270.0,,,
543,11.0,343.0,354.0,6.875,22.5,240.0
551,367.0,19.0,386.0,1.25,,
559,100.0,37.0,137.0,1.25,,
560,10.0,3.0,13.0,1.0,,
564,177.0,43.0,220.0,,,
574,122.0,112.0,234.0,2.125,5.0,
575,287.0,40.0,327.0,1.25,,
589,115.0,0.0,115.0,,,
603,120.0,277.0,397.0,5.69940476190475,15.0824175824175,125.274725274725
604,58.0,162.0,220.0,10.125,19.0,185.0
615,22.0,1176.0,1198.0,4.50589713843774,19.6519721577726,108.15158546017
618,264.0,0.0,264.0,,,
619,6.0,0.0,6.0,,,
635,269.0,54.0,323.0,,,
637,43.0,30.0,73.0,,,
638,70.0,0.0,70.0,,,
648,240.0,2.0,242.0,,,
650,14.0,1251.0,1265.0,1.0,10.0,70.0
651,288.0,3.0,291.0,1.25,,
666,3.0,44.0,47.0,1.25,,
671,6.0,0.0,6.0,,,
682,10.0,0.0,10.0,,,
695,138.0,0.0,138.0,,,
702,103.0,0.0,103.0,,,
707,91.0,86.0,177.0,10.0,60.0,
708,422.0,0.0,422.0,,,
712,98.0,56.0,154.0,,,
715,215.0,10.0,225.0,,,
720,122.0,60.0,182.0,1.25,,
733,43.0,215.0,258.0,5.625,10.0,
736,10.0,100.0,110.0,,,
738,71.0,0.0,71.0,,,
741,6.0,117.0,123.0,,,
744,53.0,0.0,53.0,,,
747,674.0,64.0,738.0,3.5,8.0,180.0
750,127.0,11.0,138.0,,,
751,38.0,272.0,310.0,1.25,,
760,51.0,71.0,122.0,1.25,,
761,101.0,15.0,116.0,,,
763,58.0,0.0,58.0,,,
764,53.0,0.0,53.0,,,
775,70.0,0.0,70.0,,,
786,85.0,50.0,135.0,,,
792,286.0,130.0,416.0,5.0,10.9285714285714,110.238095238095
795,200.0,31.0,231.0,1.25,,
796,173.0,24.0,197.0,,,
800,38.0,0.0,38.0,,,
802,52.0,281.0,333.0,0.25,,
805,326.0,0.0,326.0,,,
806,354.0,70.0,424.0,1.25,,
809,204.0,543.0,747.0,1.0,11.5,100.0
812,114.0,10.0,124.0,,,
813,8.0,63.0,71.0,1.0,,
822,52.0,3.0,55.0,,,
825,44.0,0.0,44.0,,,
839,38.0,0.0,38.0,,,
841,64.0,0.0,64.0,,,
860,69.0,0.0,69.0,,,
861,12.0,0.0,12.0,,,
866,18.0,60.0,78.0,0.817659629344006,,
872,49.0,151.0,200.0,2.861817846607665,11.75,
891,80.0,62.0,142.0,1.25,,
898,86.0,13.0,99.0,1.25,,
899,219.0,9.0,228.0,1.25,,
901,154.0,68.0,222.0,,,
904,27.0,0.0,27.0,,,
905,259.0,0.0,259.0,,,
913,430.0,0.0,430.0,,,
915,65.0,33.0,98.0,,,
929,2566.0,0.0,2566.0,,,
931,44.0,0.0,44.0,,,
932,20.0,108.0,128.0,30.0,30.0,
933,34.0,15.0,49.0,1.25,,
937,276.0,0.0,276.0,,,
938,176.0,195.0,371.0,,,
940,69.0,65.0,134.0,1.25,,
944,177.0,121.0,298.0,,,
961,72.0,10.0,82.0,1.25,,
962,130.0,0.0,130.0,,,
981,132.0,64.0,196.0,1.25,,
982,36.0,84.0,120.0,9.0,12.0,
984,5.0,91.0,96.0,7.375,18.5,200.0
991,14.0,0.0,14.0,,,
1003,20.0,45.0,65.0,15.0,15.0,
1006,63.0,0.0,63.0,,,
1013,336.0,15.0,351.0,1.0,,
1015,210.0,113.0,323.0,5.02259036144578,10.0,
1016,116.0,39.0,155.0,1.25,,
1017,340.0,368.0,708.0,1.25,,
1038,349.0,42.0,391.0,1.25,,
1041,0.0,464.0,464.0,1.625,16.0,
1044,136.0,300.0,436.0,4.67325227963525,12.2310030395136,
1045,48.0,0.0,48.0,,,
1050,371.0,158.0,529.0,7.149999999999985,18.3892857142857,137.142857142857
1051,80.0,0.0,80.0,,,
1054,14.0,10.0,24.0,1.25,,
1056,117.0,140.0,257.0,1.0,,
1057,276.0,0.0,276.0,,,
1062,58.0,86.0,144.0,1.25,,
1068,5.0,37.0,42.0,,,
1074,2.0,0.0,2.0,,,
1081,34.0,34.0,68.0,,,
1082,107.0,5.0,112.0,,,
1084,203.0,0.0,203.0,,,
1094,9.0,163.0,172.0,7.625,16.5,210.0
1096,118.0,63.0,181.0,1.25,,
1111,182.0,21.0,203.0,1.25,,
1114,2.0,118.0,120.0,,,
1145,144.0,89.0,233.0,2.09186046511627,13.4790697674418,61.4046511627907
1147,188.0,20.0,208.0,,,
1153,157.0,0.0,157.0,,,
1155,54.0,99.0,153.0,0.5,,
1156,160.0,0.0,160.0,,,
1163,69.0,30.0,99.0,,,
1164,308.0,29.0,337.0,,,
1177,25.0,0.0,25.0,,,
1178,508.0,538.0,1046.0,1.25,,
1181,65.0,0.0,65.0,,,
1183,148.0,0.0,148.0,,,
1185,10.0,529.0,539.0,3.625,28.0,
1196,14.0,52.0,66.0,1.25,,
1201,81.0,0.0,81.0,,,
1202,8.0,92.0,100.0,1.25,,
1213,8.0,80.0,88.0,4.625,8.5,
1215,166.0,104.0,270.0,1.25,,
1233,143.0,0.0,143.0,,,
1237,40.0,50.0,90.0,1.25,,
1238,105.0,0.0,105.0,,,
1247,140.0,51.0,191.0,2.125,18.6,
1253,101.0,130.0,231.0,5.625,10.0,182.5
1258,93.0,194.0,287.0,2.8076923076923,6.53846153846153,
1269,38.0,197.0,235.0,10.625,30.0,150.0
1272,0.0,125.0,125.0,1.1402902305879,,
1286,434.0,0.0,434.0,,,
1291,87.0,0.0,87.0,,,
1293,95.0,276.0,371.0,1.25,,
1304,0.0,176.0,176.0,0.758627953376148,,
1305,5.0,291.0,296.0,3.625,14.0,
1306,30.0,427.0,457.0,2.5,11.99,
1307,276.0,6.0,282.0,,,
1315,117.0,0.0,117.0,,,
1321,133.0,1.0,134.0,1.25,,
1323,174.0,0.0,174.0,,,
1327,145.0,12.0,157.0,1.25,,
1328,24.0,24.0,48.0,,,
1332,0.0,85.0,85.0,1.25,,
1335,16.0,52.0,68.0,,,
1342,135.0,99.0,234.0,0.817179903080043,,
1344,334.0,0.0,334.0,,,
1349,34.0,44.0,78.0,,,
1357,90.0,0.0,90.0,,,
1359,54.0,0.0,54.0,,,
1364,122.0,495.0,617.0,1.07956433513439,,
1365,48.0,0.0,48.0,,,
1367,169.0,111.0,280.0,5.0,12.0,150.0
1369,488.0,156.0,644.0,1.0,14.0,
1370,85.0,212.0,297.0,,,
1373,85.0,0.0,85.0,,,
1390,60.0,0.0,60.0,,,
1391,383.0,0.0,383.0,,,
1412,75.0,0.0,75.0,,,
1415,50.0,65.0,115.0,1.25,,
1419,155.0,1.0,156.0,,,
1426,385.0,81.0,466.0,1.25,,
1430,70.0,0.0,70.0,,,
1433,103.0,32.0,135.0,,,
1434,146.0,6.0,152.0,,,
1437,56.0,57.0,113.0,1.25,,
1444,5.0,68.0,73.0,1.25,,
1449,123.0,0.0,123.0,,,
1453,33.0,0.0,33.0,,,
1455,71.0,66.0,137.0,1.25,,
1460,40.0,100.0,140.0,,,
1467,11.0,37.0,48.0,1.25,,
1477,6.0,263.0,269.0,1.25,,
1480,16.0,91.0,107.0,,32.0,
1485,700.0,89.0,789.0,1.03692469036456,,
1487,135.0,0.0,135.0,,,
1492,1254.0,550.0,1804.0,1.25,,
1503,183.0,0.0,183.0,,,
1504,420.0,96.0,516.0,,,
1508,35.0,140.0,175.0,20.0,22.8160919540229,
1509,184.0,40.0,224.0,1.0,,
1510,418.0,49.0,467.0,1.09375,,
1520,118.0,0.0,118.0,,,
1540,6.0,137.0,143.0,1.25,,
1542,14.0,53.0,67.0,10.0,8.0,
1543,331.0,348.0,679.0,,,
1552,218.0,13.0,231.0,1.25,,
1559,14.0,142.0,156.0,8.46774193548385,23.4677419354838,
1570,5.0,89.0,94.0,1.25,,
1577,127.0,23.0,150.0,,,
1579,137.0,81.0,218.0,,,
1606,395.0,86.0,481.0,3.125,32.5,195.0
1607,60.0,59.0,119.0,1.25,,
1612,77.0,0.0,77.0,,,
1617,290.0,0.0,290.0,,,
1618,217.0,0.0,217.0,,,
1625,14.0,1.0,15.0,,,
1627,246.0,164.0,410.0,1.25,,
1632,0.0,246.0,246.0,5.625,17.5,
1634,103.0,0.0,103.0,,,
1662,102.0,13.0,115.0,,,
1663,60.0,0.0,60.0,,,
1666,66.0,3.0,69.0,1.25,,
1669,76.0,0.0,76.0,,,
1681,56.0,0.0,56.0,,,
1683,102.0,0.0,102.0,,,
1704,204.0,32.0,236.0,1.25,,
1707,17.0,120.0,137.0,,,
1709,152.0,0.0,152.0,,,
1710,116.0,6.0,122.0,1.25,,
1711,81.0,7.0,88.0,0.5,,
1716,6.0,0.0,6.0,,,
1717,109.0,32.0,141.0,,,
1726,110.0,0.0,110.0,,,
1729,8.0,240.0,248.0,4.0,24.0,170.0
1739,145.0,0.0,145.0,,,
1753,234.0,197.0,431.0,1.25,,
1761,69.0,121.0,190.0,,,
1770,42.0,342.0,384.0,2.397038246268655,23.125,
1774,54.0,62.0,116.0,,,
1776,64.0,0.0,64.0,,,
1783,60.0,0.0,60.0,,,
1784,259.0,0.0,259.0,,,
1788,75.0,0.0,75.0,,,
1793,104.0,54.0,158.0,1.25,,
1802,33.0,263.0,296.0,,,
1812,303.0,46.0,349.0,1.25,,
1814,9.0,97.0,106.0,,,
1818,280.0,0.0,280.0,,,
1826,146.0,0.0,146.0,,,
1842,139.0,198.0,337.0,1.719382591093115,4.67611336032388,
1848,151.0,11.0,162.0,1.25,,
1861,86.0,72.0,158.0,20.0,30.0,
1862,168.0,128.0,296.0,12.0,22.0,
1865,0.0,1.0,1.0,,,
1874,450.0,36.0,486.0,1.25,,
1881,300.0,0.0,300.0,,,
1884,143.0,42.0,185.0,,,
1885,150.0,14.0,164.0,,,
1886,152.0,0.0,152.0,,,
1889,139.0,128.0,267.0,5.0,5.0,
1900,55.0,50.0,105.0,1.25,,
1901,977.0,983.0,1960.0,1.25,,
1916,154.0,0.0,154.0,,,
1920,9.0,346.0,355.0,3.625,24.0,191.5
1931,244.0,55.0,299.0,1.25,,
1939,355.0,942.0,1297.0,19.5,9.0,
1951,276.0,0.0,276.0,,,
1953,46.0,44.0,90.0,1.25,,
1963,284.0,37.0,321.0,1.25,,
1965,549.0,13.0,562.0,1.25,,
1967,60.0,42.0,102.0,,,
1974,416.0,38.0,454.0,,,
1975,135.0,54.0,189.0,1.25,,
1976,525.0,439.0,964.0,,,
1978,12.0,128.0,140.0,,,
1982,192.0,42.0,234.0,,,
1985,211.0,38.0,249.0,,,
1991,0.0,130.0,130.0,1.25,,
1992,6.0,156.0,162.0,1.25,,
1997,247.0,22.0,269.0,1.25,,
1998,317.0,60.0,377.0,,,
2000,23.0,0.0,23.0,,,
2006,14.0,239.0,253.0,3.625,28.0,
2008,4.0,47.0,51.0,,,
2011,0.0,20.0,20.0,,,
2025,2.0,3.0,5.0,,,
2030,231.0,70.0,301.0,1.25,,
2037,47.0,169.0,216.0,1.25,,
2039,179.0,0.0,179.0,,,
2042,155.0,102.0,257.0,,,
2052,154.0,0.0,154.0,,,
2059,15.0,187.0,202.0,1.25,,
2064,48.0,73.0,121.0,20.0,30.0,
2066,0.0,1325.0,1325.0,6.3888248847926,28.8594470046082,12.442396313364
2078,97.0,0.0,97.0,1.25,,
2079,224.0,0.0,224.0,,,
2080,35.0,0.0,35.0,,,
2084,91.0,92.0,183.0,,,
2085,195.0,67.0,262.0,1.25,,
2092,54.0,36.0,90.0,,,
2099,197.0,84.0,281.0,1.25,,
2101,172.0,0.0,172.0,,,
2104,52.0,473.0,525.0,2.875,25.0,
2111,48.0,0.0,48.0,,,
2116,24.0,12.0,36.0,,,
2117,12.0,180.0,192.0,6.125,16.0,190.0
2119,131.0,139.0,270.0,1.25,,
2120,153.0,0.0,153.0,,,
2133,249.0,43.0,292.0,1.24999999999999,,
2134,190.0,175.0,365.0,4.6194134078212254,17.2067039106145,
2135,228.0,215.0,443.0,,,
2151,124.0,4.0,128.0,,,
2154,24.0,144.0,168.0,,,
2155,78.0,7.0,85.0,,,
2157,288.0,81.0,369.0,1.25,,
2158,19.0,101.0,120.0,5.0,15.0,
2171,14.0,2.0,16.0,1.25,,
2173,58.0,0.0,58.0,,,
2177,89.0,14.0,103.0,1.25,,
2184,327.0,44.0,371.0,0.5,,
2186,82.0,0.0,82.0,,,
2187,194.0,0.0,194.0,,,
2189,140.0,17.0,157.0,1.25,,
2211,16.0,0.0,16.0,,,
2213,34.0,0.0,34.0,,,
2217,35.0,44.0,79.0,2.5,,
2218,2.0,352.0,354.0,2.125,12.0,200.0
2238,7.0,185.0,192.0,2.125,10.0,
2239,14.0,0.0,14.0,,,
2241,84.0,46.0,130.0,1.25,,
2246,97.0,124.0,221.0,1.25,,
2250,124.0,34.0,158.0,1.25,,
2251,5.0,46.0,51.0,0.5,,
2252,52.0,28.0,80.0,1.25,,
2253,0.0,33.0,33.0,0.932427270419756,,
2259,36.0,2.0,38.0,,,
2260,68.0,0.0,68.0,,,
2266,30.0,0.0,30.0,,,
2275,6.0,246.0,252.0,7.35692771084335,33.4638554216867,
2279,175.0,0.0,175.0,,,
2280,38.0,25.0,63.0,1.25,,
2284,107.0,0.0,107.0,,,
2294,45.0,29.0,74.0,1.25,,
2298,146.0,42.0,188.0,1.25,,
2299,247.0,10.0,257.0,,,
2313,114.0,0.0,114.0,,,
2319,19.0,42.0,61.0,1.25,,
2321,147.0,0.0,147.0,,,
2324,104.0,127.0,231.0,2.440789473684205,34.1052631578947,
2332,208.0,22.0,230.0,,,
2333,229.0,55.0,284.0,1.5,,
2338,203.0,11.0,214.0,,,
2340,175.0,0.0,175.0,,,
2346,98.0,0.0,98.0,,,
2349,214.0,0.0,214.0,,,
2356,84.0,81.0,165.0,2.125,,
2357,36.0,85.0,121.0,10.5,27.5,
2362,50.0,0.0,50.0,,,
2389,3.0,53.0,56.0,0.5,,
2390,132.0,4.0,136.0,1.25,,
2391,253.0,98.0,351.0,1.25,,
2396,130.0,0.0,130.0,,,
2406,58.0,37.0,95.0,,,
2432,95.0,65.0,160.0,,,
2447,3.0,109.0,112.0,,,
2460,145.0,0.0,145.0,,,
2475,208.0,220.0,428.0,1.25,,
2476,66.0,0.0,66.0,,,
2477,205.0,37.0,242.0,,,
2484,6.0,58.0,64.0,1.25,,
2496,60.0,50.0,110.0,1.25,,
2510,317.0,67.0,384.0,5.5,18.5,120.0
2513,101.0,51.0,152.0,,,
2519,86.0,57.0,143.0,0.249999999999999,,
2525,53.0,22.0,75.0,1.25,,
2538,458.0,56.0,514.0,,,
2547,6.0,789.0,795.0,6.25,30.0,
2549,42.0,3.0,45.0,,,
2550,35.0,16.0,51.0,1.25,,
2569,0.0,115.0,115.0,1.25,,
2584,86.0,0.0,86.0,,,
2588,78.0,0.0,78.0,,,
2606,40.0,0.0,40.0,,,
2607,265.0,0.0,265.0,,,
2611,92.0,6.0,98.0,,,
2612,51.0,75.0,126.0,0.335473568325694,,
2620,39.0,29.0,68.0,1.25,,
2622,196.0,0.0,196.0,,,
2624,15.0,151.0,166.0,5.625,59.0,
2627,144.0,134.0,278.0,,,
2633,91.0,38.0,129.0,,15.0,
2641,33.0,0.0,33.0,,,
2651,214.0,7.0,221.0,,,
2657,85.0,60.0,145.0,,,
2658,137.0,0.0,137.0,,,
2659,78.0,0.0,78.0,,,
2663,50.0,82.0,132.0,,,
2677,241.0,161.0,402.0,5.625,10.0,
2694,139.0,103.0,242.0,1.25,,
2701,79.0,125.0,204.0,1.25,,
2705,22.0,393.0,415.0,10.0,30.0,
2718,241.0,30.0,271.0,1.25,,
2727,278.0,387.0,665.0,4.296410891089105,21.3712871287128,
2728,240.0,301.0,541.0,5.051823049464555,27.482066972633,
2729,75.0,28.0,103.0,1.25,,
2745,143.0,140.0,283.0,4.5,13.5,
2746,93.0,0.0,93.0,,,
2756,337.0,21.0,358.0,,,
2757,117.0,0.0,117.0,,,
2761,232.0,0.0,232.0,,,
2764,161.0,70.0,231.0,,,
2768,558.0,54.0,612.0,4.0,,150.0
2775,50.0,100.0,150.0,,,
2781,64.0,21.0,85.0,1.25,,
2784,123.0,1062.0,1185.0,2.125,15.5,
2787,304.0,84.0,388.0,1.25,,
2788,37.0,116.0,153.0,1.25,,
2792,54.0,5.0,59.0,,,
2794,182.0,47.0,229.0,1.25,,
2796,57.0,0.0,57.0,,,
2800,244.0,253.0,497.0,10.0925925925925,18.2716049382716,
2815,206.0,90.0,296.0,,,
2821,397.0,0.0,397.0,,,
2822,176.0,236.0,412.0,1.594230769230765,32.0,170.0
2824,202.0,39.0,241.0,,,
2828,28.0,0.0,28.0,,,
2832,7.0,128.0,135.0,1.25,,
2833,75.0,0.0,75.0,,,
2834,622.0,27.0,649.0,1.25,,
2835,182.0,162.0,344.0,1.25,,
2836,22.0,100.0,122.0,12.6981255906752,21.4018691588785,124.494382022471
2838,180.0,21.0,201.0,1.25,,
2841,941.0,1892.0,2833.0,6.1562101910828,32.1657111819296,164.701689319646
2854,191.0,0.0,191.0,,,
2860,57.0,143.0,200.0,10.0,50.0,
2864,47.0,61.0,108.0,,,
2867,130.0,0.0,130.0,,,
2870,24.0,28.0,52.0,,,
2881,48.0,90.0,138.0,1.25,,
2883,82.0,106.0,188.0,1.0,,
2884,328.0,704.0,1032.0,1.0,5.0,
2887,196.0,75.0,271.0,1.24999999999999,,
2889,37.0,93.0,130.0,1.25,,
2896,259.0,0.0,259.0,,,
2903,9.0,97.0,106.0,1.25,,
2908,56.0,4.0,60.0,,,
2916,169.0,0.0,169.0,,,
2917,476.0,0.0,476.0,,,
2918,10.0,51.0,61.0,1.25,,
2925,92.0,0.0,92.0,,,
2927,88.0,0.0,88.0,,,
2929,0.0,119.0,119.0,,50.0,
2942,19.0,49.0,68.0,,,
2944,174.0,0.0,174.0,,,
2949,77.0,0.0,77.0,,,
2959,77.0,464.0,541.0,2.70873786407767,13.5436893203883,
2964,238.0,25.0,263.0,,,
2976,120.0,0.0,120.0,,,
2979,31.0,148.0,179.0,,,
2980,147.0,41.0,188.0,,,
2984,162.0,0.0,162.0,,,
2992,0.0,103.0,103.0,1.25,,
2994,117.0,155.0,272.0,1.25,,
3000,8.0,65.0,73.0,,,
3007,216.0,0.0,216.0,,,
3009,63.0,230.0,293.0,4.88151658767772,23.8151658767772,103.755776986252
3028,83.0,33.0,116.0,1.25,,
3030,153.0,0.0,153.0,,,
3032,107.0,91.0,198.0,1.25,,
3039,0.0,98.0,98.0,1.10569021695723,,
3040,0.0,27.0,27.0,1.13018516683591,,
3041,37.0,74.0,111.0,,,
3046,268.0,6.0,274.0,,,
3051,0.0,21.0,21.0,1.25,,
3055,6.0,234.0,240.0,10.625,20.0,
3057,17.0,299.0,316.0,1.25,,
3059,361.0,10.0,371.0,1.25,,
3072,70.0,125.0,195.0,1.25,,
3074,192.0,6.0,198.0,1.25,,
3078,206.0,231.0,437.0,1.25,,
3081,6.0,0.0,6.0,,,
3087,71.0,15.0,86.0,,,
3098,76.0,0.0,76.0,,,
3111,10.0,2.0,12.0,,,
3112,44.0,82.0,126.0,1.25,,
3115,116.0,0.0,116.0,,,
3144,108.0,11.0,119.0,,,
3150,6.0,96.0,102.0,1.25,,
3156,154.0,0.0,154.0,,,
3158,9.0,0.0,9.0,,,
3168,77.0,81.0,158.0,1.25,,
3169,25.0,59.0,84.0,5.625,15.0,100.0
3173,160.0,247.0,407.0,0.25,,
3177,490.0,33.0,523.0,,,
3179,188.0,45.0,233.0,0.816300179835909,,
3197,118.0,70.0,188.0,20.625,40.0,
3198,224.0,0.0,224.0,,,
3201,57.0,44.0,101.0,,,
3212,106.0,0.0,106.0,,,
3217,16.0,0.0,16.0,,,
3219,20.0,0.0,20.0,,,
3225,120.0,178.0,298.0,0.909803396006256,,
3226,60.0,0.0,60.0,,,
3240,121.0,79.0,200.0,1.5,,
3243,152.0,60.0,212.0,1.25,,
3244,41.0,0.0,41.0,,,
3247,77.0,33.0,110.0,1.25,,
3254,65.0,70.0,135.0,1.25,,
3258,151.0,0.0,151.0,,,
3263,159.0,0.0,159.0,,,
3272,174.0,0.0,174.0,,,
3282,268.0,197.0,465.0,1.0,,
3291,137.0,0.0,137.0,,,
3293,27.0,209.0,236.0,,49.0,
3295,116.0,0.0,116.0,,,
3297,75.0,0.0,75.0,,,
3303,470.0,41.0,511.0,0.922241434385624,,
3304,91.0,0.0,91.0,,,
3307,76.0,0.0,76.0,,,
3309,266.0,0.0,266.0,,,
3312,16.0,1.0,17.0,,,
3318,35.0,0.0,35.0,,,
3319,53.0,7.0,60.0,1.25,,
3326,18.0,192.0,210.0,,34.0,
3330,116.0,108.0,224.0,1.5,10.0,
3331,179.0,0.0,179.0,,,
3334,82.0,0.0,82.0,,,
3338,258.0,216.0,474.0,,,
3341,372.0,67.0,439.0,1.25,,
3342,166.0,193.0,359.0,11.93181818181815,25.6060606060606,
3350,155.0,32.0,187.0,,,
3359,276.0,23.0,299.0,1.25,,
3368,190.0,0.0,190.0,,,
3371,242.0,249.0,491.0,1.25,,
3386,108.0,54.0,162.0,,,
3388,233.0,68.0,301.0,1.25,,
3396,400.0,0.0,400.0,,,
3406,8.0,30.0,38.0,0.5,,
3408,68.0,0.0,68.0,,,
3409,17.0,31.0,48.0,1.25,,
3410,17.0,679.0,696.0,8.625,33.0,
3411,512.0,0.0,512.0,,,
3415,37.0,6.0,43.0,,,
3419,36.0,0.0,36.0,,,
3424,9.0,57.0,66.0,1.25,,
3426,14.0,400.0,414.0,4.625,37.0,
3427,41.0,66.0,107.0,1.25,,
3437,265.0,0.0,265.0,,,
3442,383.0,18.0,401.0,1.25,,
3450,234.0,0.0,234.0,,,
3454,4.0,0.0,4.0,,,
3455,0.0,331.0,331.0,5.786643884763,23.2080508018512,91.2610770279481
3457,107.0,554.0,661.0,2.515625,14.3359375,
3461,128.0,0.0,128.0,,,
3468,67.0,73.0,140.0,15.274501845213095,27.5,
3469,36.0,214.0,250.0,,,
3470,163.0,54.0,217.0,1.25,,
3474,49.0,146.0,195.0,2.59756097560975,11.7073170731707,
3478,135.0,8.0,143.0,,,
3484,212.0,0.0,212.0,,,
3488,6.0,252.0,258.0,,,
3504,457.0,392.0,849.0,1.25,,
3514,35.0,124.0,159.0,5.125,15.0,175.0
3516,133.0,0.0,133.0,,,
3523,102.0,0.0,102.0,,,
3528,38.0,161.0,199.0,3.14772727272727,14.3045454545454,176.027015437392
3531,72.0,133.0,205.0,3.94522471910112,9.05949641261676,20.2247191011235
3547,18.0,29.0,47.0,1.25,,
3551,163.0,0.0,163.0,,,
3552,114.0,103.0,217.0,0.633523331445059,,
3558,194.0,0.0,194.0,,,
3570,38.0,74.0,112.0,0.75,,
3575,98.0,11.0,109.0,,,
3576,58.0,35.0,93.0,1.25,,
3583,762.0,149.0,911.0,13.125,25.0,
3590,58.0,104.0,162.0,0.5,,
3601,134.0,0.0,134.0,,,
3602,141.0,85.0,226.0,,,
3610,15.0,271.0,286.0,4.733870967741935,15.0,96.6935483870967
3639,71.0,16.0,87.0,,,
3640,20.0,197.0,217.0,1.25,,
3643,94.0,0.0,94.0,,,
3645,69.0,64.0,133.0,2.5,,
3651,303.0,62.0,365.0,,,
3653,293.0,87.0,380.0,1.0,,
3667,272.0,41.0,313.0,1.25,,
3675,84.0,0.0,84.0,,,
3677,222.0,32.0,254.0,1.25,,
3690,137.0,0.0,137.0,,,
3693,379.0,6.0,385.0,1.25,,
3697,66.0,37.0,103.0,1.25,,
3699,65.0,24.0,89.0,5.0,40.0,
3700,55.0,0.0,55.0,,,
3709,26.0,71.0,97.0,,,
3710,117.0,0.0,117.0,,,
3724,22.0,78.0,100.0,1.625,,
3725,67.0,23.0,90.0,,,
3742,130.0,0.0,130.0,,,
3750,151.0,40.0,191.0,1.24999999999999,,
3751,473.0,6.0,479.0,,,
3752,26.0,63.0,89.0,1.25,,
3753,22.0,22.0,44.0,1.25,,
3754,100.0,0.0,100.0,,,
3755,174.0,1.0,175.0,1.25,,
3774,235.0,0.0,235.0,,,
3896,24.0,79.0,103.0,1.25,,
3901,54.0,22.0,76.0,1.25,,
3902,78.0,33.0,111.0,1.25,,
3904,17.0,22.0,39.0,1.25,,
3906,5.0,0.0,5.0,,,
3907,34.0,47.0,81.0,,,
3908,0.0,20.0,20.0,,,
3909,0.0,8.0,8.0,,,
3910,32.0,12.0,44.0,,,
3912,35.0,54.0,89.0,,,
3913,21.0,45.0,66.0,,,
3914,27.0,79.0,106.0,,,
3915,31.0,30.0,61.0,,,
3938,292.0,1122.0,1414.0,17.8846153846153,40.3846153846153,75.0
4016,131.0,96.0,227.0,5.0,,
4046,100.0,118.0,218.0,1.25,,
4048,2.0,0.0,2.0,,,
4073,201.0,0.0,201.0,,,
4074,288.0,29.0,317.0,1.25,,
4075,309.0,12.0,321.0,1.25,,
4120,168.0,0.0,168.0,,,
4168,7.0,711.0,718.0,2.0,12.0,
4169,18.0,0.0,18.0,,,
4170,397.0,0.0,397.0,,,
4171,29.0,330.0,359.0,2.875,40.1,
4172,14.0,134.0,148.0,4.705792682926825,19.8932926829268,
4173,119.0,41.0,160.0,,,
4174,16.0,0.0,16.0,,,
4175,9.0,18.0,27.0,1.25,,
4176,159.0,32.0,191.0,,,
4190,111.0,37.0,148.0,,,
4198,325.0,7.0,332.0,,,
4202,80.0,0.0,80.0,,,
4203,94.0,0.0,94.0,,,
4222,60.0,56.0,116.0,,,
4223,115.0,0.0,115.0,,,
4228,32.0,0.0,32.0,,,
4229,184.0,0.0,184.0,,,
4230,625.0,0.0,625.0,,,
4231,133.0,0.0,133.0,,,
4232,257.0,0.0,257.0,,,
4235,238.0,59.0,297.0,3.0,24.0,
4266,275.0,0.0,275.0,,,
4276,735.0,787.0,1522.0,2.75,5.975,100.5
4298,17.0,0.0,17.0,,,
4299,30.0,27.0,57.0,1.25,,
4300,24.0,0.0,24.0,,,
4312,53.0,0.0,53.0,,,
4495,20.0,0.0,20.0,,,
4496,601.0,601.0,1202.0,3.0,,
4583,169.0,155.0,324.0,3.0,,
4584,64.0,850.0,914.0,,,
4621,525.0,24.0,549.0,,,
4870,307.0,0.0,307.0,,,
4871,380.0,0.0,380.0,,,
4900,114.0,2.0,116.0,,,
4910,30.0,852.0,882.0,10.0,19.95,
4923,15.0,1052.0,1067.0,16.0,32.0,252.5
4926,0.0,12.0,12.0,,,
4960,42.0,0.0,42.0,,,
4976,132.0,0.0,132.0,,,
4977,10.0,447.0,457.0,,,
4985,397.0,0.0,397.0,,,
4991,34.0,0.0,34.0,,,
5033,0.0,21.0,21.0,1.5,,
5049,26.0,0.0,26.0,,,
5057,276.0,0.0,276.0,,,
5066,175.0,0.0,175.0,,,
5099,90.0,0.0,90.0,,,
5107,294.0,290.0,584.0,0.25,,
5116,30.0,0.0,30.0,,,
5126,313.0,6.0,319.0,,,
5143,94.0,119.0,213.0,4.588025254031205,12.0,65.0
5149,28.0,6.0,34.0,,,
5158,61.0,1016.0,1077.0,,,
5159,16.0,538.0,554.0,1.25,,
5171,492.0,500.0,992.0,3.0,7.0,
5172,154.0,0.0,154.0,,,
5177,46.0,0.0,46.0,,,
5192,290.0,17.0,307.0,1.0,,
5225,56.0,0.0,56.0,,,
5238,121.0,0.0,121.0,,,
5245,198.0,41.0,239.0,1.25,,
5287,59.0,0.0,59.0,,,
5288,123.0,65.0,188.0,1.25,,
5303,36.0,0.0,36.0,,,
5304,2208.0,3893.0,6101.0,3.0,15.0,
5314,175.0,149.0,324.0,,,
5320,84.0,0.0,84.0,,,
5334,160.0,0.0,160.0,,,
5341,319.0,0.0,319.0,,,
5342,115.0,7.0,122.0,1.25,,
5358,170.0,161.0,331.0,1.5,5.0,
5360,1001.0,0.0,1001.0,,,
5398,161.0,0.0,161.0,,,
5424,104.0,43.0,147.0,1.5,,
5428,210.0,148.0,358.0,0.25,,
5469,172.0,0.0,172.0,,,
5493,350.0,275.0,625.0,10.0,15.3488372093023,175.813953488372
5495,167.0,253.0,420.0,1.25,,
5503,40.0,144.0,184.0,1.25,,
5524,342.0,67.0,409.0,,,
5528,237.0,49.0,286.0,1.25,,
5562,48.0,1301.0,1349.0,18.0,27.0,
5565,143.0,198.0,341.0,1.25,,
5577,149.0,0.0,149.0,,,
5582,137.0,1.0,138.0,0.25,,
5611,96.0,0.0,96.0,,,
5615,18.0,86.0,104.0,,,
5619,451.0,900.0,1351.0,8.125,,
5625,502.0,219.0,721.0,,,
5626,52.0,965.0,1017.0,2.40427927927927,11.6073968705547,5.52631578947368
5671,45.0,0.0,45.0,,,
5681,53.0,0.0,53.0,,,
5682,12.0,0.0,12.0,,,
5683,85.0,0.0,85.0,,,
5698,72.0,0.0,72.0,,,
5710,260.0,0.0,260.0,,,
5721,16.0,0.0,16.0,,,
5736,548.0,2128.0,2676.0,2.77797202797202,4.19580419580419,
5741,15.0,294.0,309.0,3.0,11.2435897435897,
5747,180.0,0.0,180.0,,,
5751,134.0,0.0,134.0,,,
5761,19.0,46.0,65.0,1.25,,
5779,227.0,121.0,348.0,,,
5799,300.0,0.0,300.0,,,
5801,16.0,410.0,426.0,8.0,24.2484227129337,175.0
5815,12.0,722.0,734.0,6.125,31.5,
5821,225.0,62.0,287.0,1.25,,
5839,173.0,57.0,230.0,,,
5873,211.0,0.0,211.0,,,
5911,92.0,0.0,92.0,,,
5922,65.0,37.0,102.0,1.25,,
5939,218.0,243.0,461.0,1.679939854586285,,
5940,67.0,33.0,100.0,,,
5950,303.0,0.0,303.0,,,
5995,32.0,91.0,123.0,,,
6011,434.0,0.0,434.0,,,
6037,212.0,69.0,281.0,2.125,8.0,90.0
6040,15.0,0.0,15.0,,,
6047,590.0,91.0,681.0,,,
6066,23.0,0.0,23.0,,,
6072,68.0,580.0,648.0,,,
6090,1720.0,0.0,1720.0,,,
6104,425.0,54.0,479.0,,,
6122,31.0,0.0,31.0,,,
6129,174.0,2.0,176.0,1.25,,
6155,461.0,1020.0,1481.0,8.0,12.5,182.5
6164,418.0,0.0,418.0,,,
6173,189.0,0.0,189.0,,,
6179,186.0,117.0,303.0,1.5,2.0,
6200,6.0,0.0,6.0,,,
6208,110.0,78.0,188.0,,,
6212,279.0,119.0,398.0,0.25,,
6227,4.0,124.0,128.0,,,
6267,68.0,604.0,672.0,,13.0,
6268,138.0,0.0,138.0,,,
6271,1188.0,182.0,1370.0,2.631377551020405,4.76275510204081,
6283,16.0,40.0,56.0,0.75,,
6284,45.0,1365.0,1410.0,,7.5,
6291,52.0,70.0,122.0,,,
6293,43.0,17.0,60.0,,,
6303,277.0,0.0,277.0,,,
6309,302.0,302.0,604.0,3.0,5.5,90.0
6328,60.0,2.0,62.0,1.25,,
6333,59.0,119.0,178.0,5.0,,
6339,14.0,42.0,56.0,1.25,,
6381,216.0,43.0,259.0,1.25,,
6419,14.0,9.0,23.0,,,
6421,31.0,1616.0,1647.0,5.38461538461538,12.3076923076923,
6427,39.0,765.0,804.0,2.228155339805825,18.9931427795505,
6434,106.0,67.0,173.0,3.125,10.0,
6452,8.0,333.0,341.0,3.75,21.0,
6466,96.0,3.0,99.0,1.25,,
6516,20.0,59.0,79.0,,,
6527,0.0,150.0,150.0,1.5,,
6532,271.0,1202.0,1473.0,,,
6540,87.0,0.0,87.0,,,
6594,14.0,0.0,14.0,,,
6603,52.0,11.0,63.0,,,
6611,308.0,518.0,826.0,6.625,30.0,242.5
6617,3.0,0.0,3.0,,,
6619,5.0,24.0,29.0,1.25,,
6625,309.0,0.0,309.0,,,
6631,68.0,33.0,101.0,,,
6644,190.0,0.0,190.0,,,
6647,240.0,63.0,303.0,2.25,10.0,
6669,177.0,32.0,209.0,,,
6678,284.0,99.0,383.0,,,
6689,11.0,0.0,11.0,,,
6696,198.0,3.0,201.0,,,
6697,304.0,359.0,663.0,,,
6699,30.0,931.0,961.0,,,
6723,174.0,52.0,226.0,1.5,,
6726,39.0,666.0,705.0,1.25,,
6742,131.0,0.0,131.0,,,
6760,95.0,0.0,95.0,,,
6773,1172.0,0.0,1172.0,,,
6794,367.0,0.0,367.0,,,
6795,124.0,116.0,240.0,,,
6801,307.0,48.0,355.0,3.125,15.0,85.0
6856,88.0,0.0,88.0,,,
6882,218.0,14.0,232.0,1.25,,
6886,14.0,53.0,67.0,,,
6914,28.0,130.0,158.0,,,
6921,16.0,69.0,85.0,1.25,,
6942,298.0,0.0,298.0,,,
6943,179.0,0.0,179.0,,,
6997,126.0,126.0,252.0,3.0,5.9,93.0
7007,300.0,0.0,300.0,,,
7015,400.0,239.0,639.0,0.25,,
7017,202.0,623.0,825.0,,,
7023,55.0,129.0,184.0,,,
7026,51.0,482.0,533.0,4.62299876270106,17.7366240485921,
7047,191.0,7.0,198.0,15.0,50.0,
7058,18.0,0.0,18.0,,,
7073,32.0,9.0,41.0,1.25,,
7084,216.0,0.0,216.0,,,
7096,363.0,0.0,363.0,,,
7098,11.0,0.0,11.0,,,
7135,33.0,31.0,64.0,,50.0,
7136,8.0,155.0,163.0,6.125,20.0,
7137,210.0,388.0,598.0,4.5,24.0,
7140,172.0,0.0,172.0,,,
7154,277.0,0.0,277.0,,,
7161,29.0,210.0,239.0,,10.0,250.0
7167,387.0,269.0,656.0,3.0,15.0,
7174,14.0,1.0,15.0,,19.95,
7197,338.0,0.0,338.0,,,
7200,65.0,0.0,65.0,,,
7207,43.0,0.0,43.0,,,
7212,35.0,0.0,35.0,,,
7219,210.0,87.0,297.0,0.5,,
7238,266.0,34.0,300.0,1.25,,
7239,127.0,0.0,127.0,,,
7240,37.0,0.0,37.0,,,
7241,118.0,15.0,133.0,,,
7246,137.0,197.0,334.0,,,
7250,185.0,0.0,185.0,,,
7252,218.0,0.0,218.0,,,
7257,111.0,28.0,139.0,1.25,,
7280,288.0,0.0,288.0,,,
7290,248.0,85.0,333.0,1.25,,
7318,636.0,620.0,1256.0,,,
7325,2.0,0.0,2.0,,,
7335,112.0,75.0,187.0,0.75,,
7337,96.0,0.0,96.0,,,
7362,183.0,0.0,183.0,,,
7363,199.0,0.0,199.0,,,
7379,2.0,0.0,2.0,,,
7432,128.0,85.0,213.0,1.25,,
7449,369.0,100.0,469.0,,,
7456,114.0,906.0,1020.0,2.513888888888885,10.9705882352941,
7464,76.0,0.0,76.0,,,
7471,59.0,91.0,150.0,,,
7480,2.0,0.0,2.0,,,
7499,405.0,87.0,492.0,0.25,,
7501,112.0,41.0,153.0,,,
7513,243.0,4.0,247.0,,,
7528,13.0,12.0,25.0,,,
7545,63.0,984.0,1047.0,2.86015543132835,18.0424891253673,
7562,604.0,552.0,1156.0,3.0,15.0,
7595,73.0,0.0,73.0,,,
7599,206.0,0.0,206.0,,,
7621,64.0,0.0,64.0,,,
7624,64.0,0.0,64.0,,,
7627,73.0,0.0,73.0,,,
7633,224.0,271.0,495.0,30.0,30.0,
7675,216.0,204.0,420.0,7.0,5.0,
7679,186.0,0.0,186.0,,,
7683,67.0,0.0,67.0,,,
7687,603.0,0.0,603.0,,,
7699,158.0,67.0,225.0,1.25,,
7702,282.0,28.0,310.0,1.25,,
7706,40.0,355.0,395.0,,6.60596026490066,
7740,95.0,0.0,95.0,,,
7743,19.0,0.0,19.0,,,
7746,137.0,101.0,238.0,1.25,,
7760,187.0,0.0,187.0,,,
7775,526.0,9.0,535.0,1.25,,
7783,271.0,16.0,287.0,,,
7799,167.0,0.0,167.0,,,
7803,20.0,967.0,987.0,4.0,12.0,
7809,233.0,70.0,303.0,,,
7825,151.0,6.0,157.0,,,
7856,62.0,138.0,200.0,3.0,10.0,
7865,352.0,0.0,352.0,,,
7867,520.0,20.0,540.0,1.25,,
7883,350.0,374.0,724.0,2.75,5.975,100.5
7899,3.0,209.0,212.0,9.44190860764665,28.1748619914128,260.0
7936,60.0,0.0,60.0,,,
8000,242.0,0.0,242.0,,,
8022,20.0,224.0,244.0,,,
8038,0.0,818.0,818.0,,,
8050,141.0,0.0,141.0,,,
8075,6.0,29.0,35.0,,,
8088,156.0,106.0,262.0,,,
8091,9.0,573.0,582.0,,16.0,
8095,70.0,4326.0,4396.0,0.828971962616822,3.0,
8127,71.0,2891.0,2962.0,,25.0,
8141,135.0,0.0,135.0,,,
8160,87.0,0.0,87.0,,,
8167,48.0,534.0,582.0,5.75,40.1,
8172,186.0,22.0,208.0,0.75,,
8174,12.0,38.0,50.0,0.75,,
8213,535.0,166.0,701.0,1.25,,
8218,2.0,0.0,2.0,,,
8220,3.0,131.0,134.0,,,
8238,33.0,0.0,33.0,,,
8254,218.0,14.0,232.0,,,
8281,124.0,529.0,653.0,1.21348314606741,4.18025003956322,
8313,142.0,102.0,244.0,0.425491801872747,,
8314,108.0,224.0,332.0,0.25,,
8324,638.0,0.0,638.0,,,
8326,183.0,0.0,183.0,,,
8386,250.0,103.0,353.0,1.25,,
8388,72.0,1083.0,1155.0,10.75,35.25,150.0
8407,73.0,336.0,409.0,5.0,,
8449,277.0,130.0,407.0,,,
8454,298.0,14.0,312.0,,,
8455,36.0,1360.0,1396.0,,17.0,
8466,158.0,0.0,158.0,,,
8470,577.0,184.0,761.0,1.25,,
8493,1031.0,0.0,1031.0,,,
8527,12.0,976.0,988.0,4.0,18.0,
8531,12.0,0.0,12.0,,,
8534,32.0,0.0,32.0,,,
8549,8.0,35.0,43.0,1.5,,
8573,1262.0,0.0,1262.0,,,
8578,783.0,727.0,1510.0,5.0,10.0,
8582,117.0,682.0,799.0,6.125,38.75,
8584,196.0,0.0,196.0,,,
8596,185.0,165.0,350.0,,,
8603,87.0,0.0,87.0,,,
8604,282.0,0.0,282.0,,,
8651,19.0,0.0,19.0,,,
8666,348.0,29.0,377.0,1.5,,
8670,87.0,0.0,87.0,,,
8684,141.0,0.0,141.0,,,
8705,259.0,259.0,518.0,3.0,5.9,93.0
8735,643.0,89.0,732.0,,,
8742,6.0,18.0,24.0,2.5,,
8745,164.0,122.0,286.0,3.14754098360655,16.9360655737704,
8749,0.0,194.0,194.0,0.75,,
8769,96.0,34.0,130.0,,,
8771,0.0,205.0,205.0,3.125,16.0,
8791,246.0,0.0,246.0,,,
8806,100.0,0.0,100.0,,,
8838,11.0,321.0,332.0,3.125,20.0,
8853,51.0,0.0,51.0,,,
8861,192.0,51.0,243.0,1.25,,
8863,121.0,0.0,121.0,,,
8872,803.0,732.0,1535.0,1.5,8.0,
8877,39.0,242.0,281.0,,15.95,
8893,241.0,64.0,305.0,,,
8909,28.0,0.0,28.0,,,
8920,192.0,0.0,192.0,,,
8928,78.0,0.0,78.0,,,
8930,6.0,96.0,102.0,10.0,55.0,
8932,127.0,0.0,127.0,,,
8941,4.0,0.0,4.0,,,
8975,93.0,219.0,312.0,1.25,,
8976,1.0,0.0,1.0,,,
8977,56.0,0.0,56.0,,,
8988,48.0,0.0,48.0,,,
8996,120.0,13.0,133.0,,,
9009,74.0,41.0,115.0,,,200.0
9012,86.0,56.0,142.0,,,
9014,75.0,84.0,159.0,2.5,13.0,
9016,304.0,0.0,304.0,,,
9063,46.0,0.0,46.0,,,
9065,56.0,0.0,56.0,,,
9067,96.0,0.0,96.0,,,
9080,0.0,1390.0,1390.0,6.0,32.0,
9095,72.0,0.0,72.0,,,
9099,344.0,0.0,344.0,,,
9118,10.0,0.0,10.0,,,
9276,225.0,0.0,225.0,,,
9279,30.0,296.0,326.0,6.75,8.25,
9344,36.0,126.0,162.0,,,
9346,36.0,186.0,222.0,,,
9347,0.0,45.0,45.0,,,
9348,0.0,50.0,50.0,,,
9349,0.0,255.0,255.0,,,
9350,156.0,0.0,156.0,,,
9351,2.0,0.0,2.0,,,
9780,548.0,0.0,548.0,,,
9781,222.0,0.0,222.0,,,
9821,228.0,0.0,228.0,,,
9822,180.0,0.0,180.0,,,
9823,201.0,17.0,218.0,,,
9831,0.0,2020.0,2020.0,0.25,,
10050,68.0,0.0,68.0,,,
10075,185.0,91.0,276.0,1.25,,
10126,145.0,0.0,145.0,,,
10127,6.0,0.0,6.0,,,
10128,0.0,42.0,42.0,,,
10130,52.0,3.0,55.0,,,
10181,386.0,0.0,386.0,,,
10186,140.0,0.0,140.0,,,
10208,60.0,549.0,609.0,5.0,30.0,
10216,172.0,0.0,172.0,,,
10222,377.0,0.0,377.0,,,
10338,11.0,0.0,11.0,,,
10339,92.0,2.0,94.0,,,
10382,423.0,0.0,423.0,,,
10385,76.0,0.0,76.0,,,
10386,268.0,0.0,268.0,,,
10494,165.0,0.0,165.0,,,
10495,283.0,6.0,289.0,1.25,,
10496,124.0,0.0,124.0,,,
10497,165.0,41.0,206.0,1.25,,
10498,496.0,0.0,496.0,,,
10541,22.0,0.0,22.0,,,
10611,147.0,0.0,147.0,,,
10627,48.0,0.0,48.0,,,
10629,397.0,235.0,632.0,,20.0,
10630,173.0,117.0,290.0,1.125,24.0,
10631,383.0,19.0,402.0,0.75,,
10632,250.0,8.0,258.0,0.766841627157266,,
10633,335.0,0.0,335.0,,,
10634,6.0,184.0,190.0,12.0,45.0,
10635,0.0,677.0,677.0,3.64015151525,22.0,
10636,252.0,9.0,261.0,,,
10637,212.0,42.0,254.0,,,
10638,22.0,26.0,48.0,2.13756030885383,,
10639,2.0,86.0,88.0,1.18621630999947,,
10640,27.0,350.0,377.0,,,
10641,26.0,8.0,34.0,0.75,,
10642,265.0,422.0,687.0,2.5,20.0,
10643,23.0,21.0,44.0,2.5,,
10644,280.0,597.0,877.0,5.25,,
10645,30.0,20.0,50.0,2.5,,
10646,10.0,413.0,423.0,5.0,11.0,
10647,113.0,241.0,354.0,5.25,,
10648,42.0,407.0,449.0,6.125,38.75,
10649,43.0,829.0,872.0,6.125,38.75,
10650,20.0,55.0,75.0,15.0,15.0,
10651,36.0,1634.0,1670.0,8.0,8.375,
10652,169.0,16.0,185.0,,,
10653,412.0,179.0,591.0,,,
10654,239.0,106.0,345.0,,,
10659,14.0,0.0,14.0,,,
10665,38.0,0.0,38.0,,,
10666,303.0,0.0,303.0,,,
10667,53.0,0.0,53.0,,,
10668,135.0,0.0,135.0,,,
10669,219.0,12.0,231.0,,,
10670,91.0,0.0,91.0,,,
10671,17.0,24.0,41.0,,,
10672,31.0,0.0,31.0,,,
10673,133.0,0.0,133.0,,,
10674,83.0,564.0,647.0,1.192860610637605,6.94535548602869,
10675,499.0,1.0,500.0,1.25,,
10676,223.0,0.0,223.0,,,
10677,179.0,2.0,181.0,1.25,,
10691,208.0,0.0,208.0,,,
10702,168.0,0.0,168.0,,,
10703,46.0,0.0,46.0,,,
10716,250.0,0.0,250.0,,,
10717,198.0,0.0,198.0,,,
10726,9.0,0.0,9.0,,,
10729,12.0,0.0,12.0,,,
10731,20.0,0.0,20.0,,,
10734,14.0,0.0,14.0,,,
10848,142.0,0.0,142.0,,,
10857,101.0,0.0,101.0,,,
10871,52.0,0.0,52.0,,,
10872,146.0,0.0,146.0,,,
10908,340.0,0.0,340.0,,,
10909,645.0,0.0,645.0,,,
10910,492.0,0.0,492.0,,,
10920,57.0,0.0,57.0,,,
10921,154.0,0.0,154.0,,,
10937,272.0,291.0,563.0,2.75,5.975,100.5
11050,108.0,302.0,410.0,2.5,13.0,
11134,13.0,0.0,13.0,,,
11135,102.0,0.0,102.0,,,
11136,201.0,0.0,201.0,,,
11137,63.0,0.0,63.0,,,
11142,64.0,0.0,64.0,,,
11144,79.0,0.0,79.0,,,
11146,106.0,0.0,106.0,,,
11147,212.0,0.0,212.0,,,
11148,158.0,0.0,158.0,,,
11149,122.0,0.0,122.0,,,
11150,156.0,32.0,188.0,,,
11151,139.0,0.0,139.0,,,
11152,143.0,217.0,360.0,1.25,,
11153,77.0,0.0,77.0,,,
11154,8.0,133.0,141.0,3.0,18.0,
11155,121.0,114.0,235.0,,,
11157,4.0,0.0,4.0,,,
11162,133.0,0.0,133.0,,,
11167,69.0,11.0,80.0,,,
11168,139.0,0.0,139.0,,,
11170,2.0,0.0,2.0,,,
11172,84.0,0.0,84.0,,,
11177,5.0,0.0,5.0,,,
11180,33.0,0.0,33.0,,,
11181,277.0,0.0,277.0,,,
11183,30.0,0.0,30.0,,,
11184,35.0,0.0,35.0,,,
11186,65.0,4.0,69.0,,,
11188,100.0,200.0,300.0,5.0,5.0,
11189,54.0,11.0,65.0,1.5,,
11190,108.0,108.0,216.0,5.0,5.0,
11191,0.0,50.0,50.0,,,
11192,31.0,116.0,147.0,,,
11193,48.0,31.0,79.0,,,
11194,141.0,176.0,317.0,1.75,,
11195,156.0,95.0,251.0,1.32847538428154,2.0,
11196,179.0,92.0,271.0,2.25,,
11201,78.0,0.0,78.0,,,
11210,36.0,0.0,36.0,,,
11211,173.0,115.0,288.0,5.0,7.0,
11212,15.0,128.0,143.0,3.0,16.0,
11242,4.0,0.0,4.0,,,
11243,66.0,1888.0,1954.0,,20.0,
11244,738.0,638.0,1376.0,1.958333333333333,15.95,
11245,18.0,0.0,18.0,,,
11246,16.0,224.0,240.0,,,
11247,76.0,2.0,78.0,6.0,36.0,
11248,0.0,102.0,102.0,6.0,36.0,
11249,6.0,1.0,7.0,6.0,36.0,
11250,130.0,1204.0,1334.0,6.0,32.0,
11251,60.0,2900.0,2960.0,6.0,32.0,
11252,10.0,0.0,10.0,,,
11282,141.0,0.0,141.0,,,
11284,52.0,12.0,64.0,1.25,,
11285,290.0,67.0,357.0,1.25,,
11287,153.0,0.0,153.0,,,
11293,18.0,0.0,18.0,,,
11321,24.0,0.0,24.0,,,
11322,188.0,0.0,188.0,,,
11430,135.0,1038.0,1173.0,,25.0,
11431,144.0,2881.0,3025.0,,25.0,
11504,195.0,0.0,195.0,,,
11533,195.0,0.0,195.0,,,
11534,64.0,0.0,64.0,,,
11584,106.0,0.0,106.0,,,
11813,212.0,0.0,212.0,,,
12048,89.0,0.0,89.0,,,
12050,158.0,0.0,158.0,,,
12060,292.0,0.0,292.0,,,
12062,293.0,0.0,293.0,,,
12063,510.0,0.0,510.0,,,
12064,283.0,0.0,283.0,,,
12065,412.0,39.0,451.0,,,
12066,254.0,69.0,323.0,,,
12067,372.0,0.0,372.0,,,
12070,444.0,1186.0,1630.0,3.0,15.0,
12094,229.0,343.0,572.0,0.75,,
12095,118.0,0.0,118.0,,,
12192,118.0,0.0,118.0,,,
12677,258.0,75.0,333.0,,,
12683,0.0,8.0,8.0,0.75,,
12684,5.0,57.0,62.0,0.75,,
12686,2.0,0.0,2.0,,,
12687,6.0,0.0,6.0,,,
12689,413.0,428.0,841.0,3.0,7.0,
12690,185.0,192.0,377.0,3.0,7.0,
12691,297.0,292.0,589.0,3.0,7.0,
12706,37.0,104.0,141.0,2.5,13.0,
12707,33.0,92.0,125.0,2.5,13.0,
12708,14.0,0.0,14.0,,,
12710,142.0,142.0,284.0,3.0,5.5,90.0
12711,358.0,338.0,696.0,3.0,5.5,90.0
12712,204.0,256.0,460.0,2.5,12.44866071428571,68.3035714285714
12713,52.0,52.0,104.0,3.0,5.89999999999999,93.0
12782,22.0,0.0,22.0,,,
12984,8.0,7.0,15.0,,,
12985,0.0,654.0,654.0,10.75,35.25,150.0
13144,725.0,2457.0,3182.0,1.0,5.0,
13145,94.0,0.0,94.0,,,
13363,357.0,0.0,357.0,,,
13365,268.0,0.0,268.0,,,
13382,657.0,0.0,657.0,,,
13627,230.0,230.0,460.0,,,
13981,207.0,0.0,207.0,,,
13994,1.0,0.0,1.0,,,
13995,112.0,0.0,112.0,,,
14000,591.0,0.0,591.0,,,
14002,30.0,1376.0,1406.0,,12.1601075877689,
14003,6.0,0.0,6.0,,,
14004,171.0,0.0,171.0,,,
14005,41.0,1399.0,1440.0,,16.0,
14007,20.0,819.0,839.0,,,
14008,442.0,1773.0,2215.0,,12.0,
14011,646.0,0.0,646.0,,,
14013,13.0,0.0,13.0,,,
14253,159.0,0.0,159.0,,,
14340,19.0,0.0,19.0,,,
14343,282.0,0.0,282.0,,,
14361,189.0,44.0,233.0,,,
14362,11.0,0.0,11.0,,,
14366,104.0,0.0,104.0,,,
14367,36.0,0.0,36.0,,,
14403,234.0,0.0,234.0,,,
19362,23.0,0.0,23.0,,,
19369,212.0,0.0,212.0,,,
19370,180.0,100.0,280.0,,,
19371,152.0,0.0,152.0,,,
19455,43.0,0.0,43.0,,,
19468,234.0,0.0,234.0,,,
19613,14.0,0.0,14.0,,,
19956,28.0,0.0,28.0,,,
19957,123.0,73.0,196.0,,,
19958,118.0,204.0,322.0,,,
19959,95.0,0.0,95.0,,,
19960,10.0,1022.0,1032.0,,,
19961,23.0,122.0,145.0,,,
19962,16.0,0.0,16.0,,,
19963,11.0,0.0,11.0,,,
19964,17.0,673.0,690.0,,,
20184,31.0,0.0,31.0,,,
20260,591.0,0.0,591.0,,,
20261,2819.0,2654.0,5473.0,3.95959716583074,9.54040283416925,75.0
20267,117.0,0.0,117.0,,,
20328,48.0,98.0,146.0,,,
20424,81.0,47.0,128.0,,,
20425,3.0,0.0,3.0,,,
20469,122.0,0.0,122.0,,,
20470,809.0,0.0,809.0,,,
20472,28.0,0.0,28.0,,,
20486,54.0,0.0,54.0,,,
20492,38.0,0.0,38.0,,,
20495,126.0,0.0,126.0,,,
20720,15.0,0.0,15.0,,,
20854,9.0,0.0,9.0,,,
20855,6.0,0.0,6.0,,,
23019,0.0,6.0,6.0,,,
23020,784.0,1399.0,2183.0,5.0,5.0,
23059,333.0,906.0,1239.0,,,
23060,83.0,223.0,306.0,,,
23064,2.0,0.0,2.0,,,
23622,19.0,150.0,169.0,,,
23623,129.0,170.0,299.0,,,
23624,28.0,98.0,126.0,,,
23625,113.0,173.0,286.0,,,
23626,28.0,124.0,152.0,,,
23627,30.0,102.0,132.0,,,
23628,39.0,125.0,164.0,,,
23629,32.0,95.0,127.0,,,
23630,42.0,138.0,180.0,,,
23631,24.0,80.0,104.0,,,
23632,26.0,45.0,71.0,,,
23740,200.0,0.0,200.0,,,
23821,129.0,0.0,129.0,,,
23822,249.0,208.0,457.0,6.71144278606965,15.4985074626865,2.23880597014925
23833,585.0,0.0,585.0,,,
24047,263.0,10.0,273.0,,,
24048,143.0,0.0,143.0,,,
24064,136.0,1924.0,2060.0,,,
24116,499.0,533.0,1032.0,2.75,5.975,100.5
24243,0.0,1068.0,1068.0,,,
24244,0.0,76.0,76.0,,,
24245,24.0,66.0,90.0,,,
24313,138.0,202.0,340.0,1.75,,
