mgra,on_street_free_spaces,on_street_paid_spaces,on_street_hourly_cost_during_business,on_street_hourly_cost_after_business,off_street_free_spaces,off_street_paid_public_spaces,off_street_paid_private_spaces,off_street_paid_public_hourly_cost_during_business,off_street_paid_public_hourly_cost_after_business,off_street_paid_public_daily_cost,off_street_paid_public_monthly_cost,off_street_paid_private_hourly_cost_during_business,off_street_paid_private_hourly_cost_after_business,off_street_paid_private_daily_cost,off_street_paid_private_monthly_cost,off_street_residential_spaces
2,0,27,1.25,1.25,0,75,75,,,,,,,,,22
12,18,3,1.25,0.0,0,30,48,,,,,,,,,8
16,52,2,1.25,0.0,0,50,50,,,,,,,,,0
25,10,24,1.25,1.25,0,10,10,,,,,,,,,0
28,20,12,1.25,1.25,0,12,98,,,,,,,,,40
36,24,3,1.25,1.25,0,230,230,,,,,6.0,6.0,17.0,200.0,0
49,5,25,1.25,1.25,,,,,,,,,,,,389
52,,,,,,,,,,,,,,,,15
55,0,20,,,0,18,23,,,,,,,40.0,,2
56,16,9,1.25,1.25,0,0,75,,,,,,,,,0
59,44,0,,,0,8,12,,,,,,,,,46
67,7,0,,,0,0,81,,,,,,,,,0
69,74,0,,,0,2,2,,,,,,,,,57
70,88,0,,,0,16,16,,,,,,,,,15
74,,,,,,,,,,,,,,,,44
81,0,16,0.0,0.0,0,388,389,,,,,12.0,12.0,30.0,200.0,83
85,40,0,,,,,,,,,,,,,,47
86,58,0,,,0,31,42,,,,,,,,,49
93,22,0,0.0,0.0,0,0,58,,,,,,,,,0
94,30,4,1.25,1.25,0,27,27,,,,,,,,,21
97,,,,,,,,,,,,,,,,161
99,0,31,1.10713812765443,1.10713812765443,0,64,74,,,,,,,,,56
102,7,10,1.25,1.25,0,114,114,,,,,,,,,29
124,64,0,,,0,76,90,,,,,0.692307692307692,0.692307692307692,,,32
131,0,22,1.25,1.25,0,8,24,,,,,,,,,3
132,14,12,1.25,0.0,0,108,108,,,,,,,,,12
133,14,8,,,0,177,177,,,,,,,,,293
135,14,18,1.25,1.25,0,0,0,,,,,,,,,446
142,44,0,,,0,0,0,,,,,,,,,54
145,0,9,1.24999999999999,0.0,0,50,54,,,,,,,,,191
147,,,,,,,,,,,,,,,,128
159,32,0,,,0,94,125,,,,,15.0,15.0,15.0,,0
162,0,24,1.25,1.25,0,620,620,,,,,0.60918471414002,0.990521327014218,13.7863999040134,4.55696202531645,252
182,,,,,,,,,,,,,,,,115
186,8,35,0.0,0.0,,,,,,,,,,,,133
190,,,,,,,,,,,,,,,,143
193,33,0,,,0,0,0,,,,,,,,,0
201,42,0,,,0,0,0,,,,,,,,,38
204,0,40,1.25,0.0,0,5,47,,,,,,,,,69
213,18,0,,,,,,,,,,,,,,417
224,10,8,,,36,0,47,0.75,0.75,,,,,,,0
232,6,13,1.25,0.0,0,86,121,,,,,3.42839352428393,3.42839352428393,11.5342465753424,47.1232876712328,26
237,,,,,,,,,,,,,,,,60
238,25,0,0.0,0.0,0,0,384,,,,,,,,,0
240,16,11,1.25,0.0,0,54,62,,,,,,2.5,,,64
263,0,48,1.25,1.25,0,128,146,,,,,,,,,157
275,26,0,,,,,,,,,,,,,,141
282,,,,,,,,,,,,,,,,178
288,20,37,1.25,0.0,0,0,81,,,,,,,,,247
290,15,4,1.25,0.0,,,,,,,,,,,,67
291,,,,,14,402,416,1.75,,,,10.5,10.5,38.75,,0
292,8,31,0.914140100862394,0.0,0,72,86,,,,,,,,,0
294,,,,,,,,,,,,,,,,76
295,45,0,,,,,,,,,,,,,,100
300,8,20,1.25,1.25,0,382,382,,,,,8.0,8.0,28.0,190.0,0
303,25,133,0.25,0.25,0,37,108,,,,,,,,,186
305,8,34,,,0,4,46,,,,,,,,,27
338,0,47,,,0,0,138,,,,,,,,,0
339,21,0,,,0,0,0,,,,,,,,,52
342,39,0,0.0,0.0,0,104,104,,,,,,,,,105
350,133,0,,,0,670,693,,,,,1.87581699346405,1.87581699346405,9.7516339869281,84.4117647058823,115
371,,,,,,,,,,,,,,,,20
374,5,0,,,0,0,0,,,,,,,,,14
377,0,26,1.25,1.25,0,0,90,,,,,,,,,0
387,24,5,1.25,0.0,0,10,10,,,,,,,,,73
392,,,,,,,,,,,,,,,,40
401,72,0,,,0,157,199,,,,,,,,,93
402,,,,,,,,,,,,,,,,435
407,0,25,0.0,0.0,0,108,108,,,,,30.0,30.0,24.7439024390243,147.073170731707,0
411,12,0,,,0,0,4,,,,,,,,,78
418,15,0,,,,,,,,,,,,,,55
430,8,0,1.25,0.0,0,21,28,,,,,,,,,114
431,37,0,,,0,0,0,,,,,,,,,5
436,0,24,,,0,6,13,,,,,,,,,13
437,7,5,1.25,1.25,0,293,293,,,,,6.282722513089,7.85340314136125,18.848167539267,161.75392670157,0
449,,,,,,,,,,,,,,,,44
453,20,0,,,0,19,25,,,,,,,,,20
457,,,,,,,,,,,,,,,,167
465,16,12,1.25,0.0,0,24,36,,,,,,,,,32
471,44,0,,,0,0,103,,,,,,,,,2
475,42,5,1.24999999999999,0.0,0,0,18,,,,,,,,,30
490,21,2,2.5,1.25,0,46,51,,,,,,,,,31
493,25,0,,,0,0,0,,,,,,,,,121
494,2,0,,,,,,,,,,,,,,19
506,0,24,1.25,1.25,0,0,0,,,,,,,,,200
518,,,,,,,,,,,,,,,,0
519,14,7,1.25,1.25,0,94,98,,,,,22.5,22.5,34.5,,0
520,14,17,1.25,0.0,0,89,93,,,,,,,,,2
522,6,0,,,,,,,,,,,,,,0
527,24,0,,,0,0,0,,,,,,,,,0
528,64,0,,,0,0,0,,,,,,,,,60
535,50,0,,,,,,,,,,,,,,311
542,,,,,,,,,,,,,,,,270
543,11,8,1.25,1.25,0,302,335,,,,,8.0,12.5,22.5,240.0,0
546,,,,,,,,,,,,,,,,0
551,0,19,1.25,1.25,,,,,,,,,,,,367
559,33,7,1.25,0.0,0,9,30,,,,,,,,,67
560,10,3,1.0,1.0,0,0,0,,,,,,,,,0
564,0,29,,,0,10,14,,,,,,,,,177
574,22,8,1.25,0.0,0,102,104,,,,,3.0,3.0,5.0,,100
575,21,7,1.25,0.0,0,12,33,,,,,,,,,266
586,,,,,,,,,,,,,,,,0
589,,,,,,,,,,,,,,,,115
603,0,20,1.25,1.25,0,147,257,,,,,10.1488095238095,7.51144688644688,15.0824175824175,125.274725274725,120
604,6,16,1.25,1.25,0,67,146,,,,,19.0,19.0,19.0,185.0,52
615,22,18,1.25,1.25,0,1158,1158,,,,,7.76179427687548,7.76179427687548,19.6519721577726,108.15158546017,0
618,,,,,,,,,,,,,,,,264
619,,,,,,,,,,,,,,,,6
635,0,31,0.0,0.0,0,12,23,,,,,,,,,269
637,29,8,,,0,22,22,,,,,,,,,14
638,,,,,,,,,,,,,,,,70
648,47,0,,,0,2,2,,,,,,,,,193
650,14,11,,,0,1234,1240,,,,,1.0,1.0,10.0,70.0,0
651,42,3,1.25,0.0,0,0,0,,,,,,,,,246
666,0,34,1.25,1.25,0,10,10,,,,,,,,,3
671,,,,,,,,,,,,,,,,6
682,,,,,,,,,,,,,,,,10
695,6,0,,,0,0,0,,,,,,,,,132
702,4,0,,,,,,,,,,,,,,99
707,30,0,,,0,82,86,,,,,10.0,10.0,60.0,,61
708,36,0,,,0,0,0,,,,,,,,,386
712,0,56,0.0,0.0,0,0,0,,,,,,,,,98
715,70,0,,,0,10,10,,,,,,,,,145
720,43,10,1.25,0.0,0,12,50,,,,,,,,,79
733,0,33,1.25,1.25,0,150,182,,,,,9.5,10.0,10.0,,43
736,0,46,,,0,0,54,,,,,,,,,10
738,14,0,,,0,0,0,,,,,,,,,57
741,0,22,,,0,62,95,,,,,,,,,6
744,3,0,,,,,,,,,,,,,,50
747,0,21,0.0,0.0,0,40,43,,,,,7.0,7.0,8.0,180.0,674
750,41,0,0.0,0.0,0,11,11,,,,,,,,,86
751,26,10,1.25,1.25,12,250,262,,,,,,,,,0
760,14,9,1.25,0.0,0,20,62,,,,,,,,,37
761,57,9,,,0,4,6,,,,,,,,,44
763,20,0,,,0,0,0,,,,,,,,,38
764,49,0,,,0,0,0,,,,,,,,,4
775,18,0,,,,,,,,,,,,,,52
786,26,0,,,0,50,50,,,,,,,,,59
792,0,29,0.0,0.0,0,101,101,,,,,10.0,10.0,10.9285714285714,110.238095238095,286
795,0,31,1.25,1.25,0,0,0,,,,,,,,,200
796,48,0,,,0,24,24,,,,,,,,,125
800,,,,,,,,,,,,,,,,38
802,13,106,0.25,0.25,0,61,175,,,,,,,,,39
805,63,0,,,,,,,,,,,,,,263
806,18,34,1.25,0.0,0,16,36,,,,,,,,,336
809,0,20,,,100,420,523,,,,,1.0,1.0,11.5,100.0,104
812,56,0,,,0,0,10,,,,,,,,,58
813,8,15,1.0,1.0,0,0,48,,,,,,,,,0
822,0,3,,,,,,,,,,,,,,52
825,,,,,,,,,,,,,,,,44
839,3,0,,,,,,,,,,,,,,35
841,,,,,,,,,,,,,,,,64
860,,,,,,,,,,,,,,,,69
861,4,0,,,0,0,0,,,,,,,,,8
866,0,43,0.817659629344006,0.817659629344006,0,17,17,,,,,,,,,18
872,15,4,1.25,1.25,0,142,147,,,,,4.06738569321533,4.47363569321533,11.75,,34
891,24,14,1.25,0.0,0,0,48,,,,,,,,,56
898,14,9,1.25,0.0,0,4,4,,,,,,,,,72
899,28,9,1.25,1.25,0,0,0,,,,,,,,,191
901,37,0,0.0,0.0,0,12,68,,,,,,,,,117
904,,,,,,,,,,,,,,,,27
905,,,,,,,,,,,,,,,,259
913,,,,,,,,,,,,,,,,430
915,47,0,,,0,0,33,,,,,,,,,18
929,,,,,,,,,,,,,,,,2566
931,,,,,,,,,,,,,,,,44
932,20,9,,,0,93,99,,,,,30.0,30.0,30.0,,0
933,8,9,1.25,0.0,0,0,6,,,,,,,,,26
937,,,,,,,,,,,,,,,,276
938,56,0,,,0,195,195,,,,,,,,,120
940,25,5,1.25,0.0,0,33,60,,,,,,,,,44
944,58,0,,,0,121,121,,,,,,,,,119
961,12,7,1.25,0.0,0,0,3,,,,,,,,,60
962,33,0,0.0,0.0,,,,,,,,,,,,97
966,,,,,,,,,,,,,,,,0
981,0,23,1.25,1.25,0,26,41,,,,,,,,,132
982,36,0,,,0,76,84,,,,,9.0,9.0,12.0,,0
984,0,33,1.25,1.25,0,58,58,,,,,13.5,12.5,18.5,200.0,5
991,14,0,,,0,0,0,,,,,,,,,0
1003,20,0,,,0,34,45,,,,,15.0,15.0,15.0,,
1006,38,0,0.0,0.0,,,,,,,,,,,,25
1013,0,15,1.0,1.0,,,,,,,,,,,,336
1015,0,25,1.25,1.25,0,80,88,,,,,8.79518072289156,8.79518072289156,10.0,,210
1016,7,28,1.25,1.25,0,5,11,,,,,,,,,109
1017,0,28,1.25,1.25,0,340,340,,,,,,,,,340
1038,0,31,1.25,1.25,0,9,11,,,,,,,,,349
1041,0,21,1.25,0.0,0,443,443,,,,,2.0,2.0,16.0,,0
1044,38,0,,,0,300,300,,,,,4.67325227963525,4.67325227963525,12.2310030395136,,98
1045,,,,,,,,,,,,,,,,48
1050,18,14,0.821428571428571,0.821428571428571,0,113,144,,,,,13.4785714285714,11.3357142857142,18.3892857142857,137.142857142857,353
1051,6,0,,,,,,,,,,,,,,74
1054,14,10,1.25,0.0,0,0,0,,,,,,,,,0
1056,8,12,1.0,1.0,0,128,128,,,,,,,,,109
1057,,,,,,,,,,,,,,,,276
1062,8,21,1.25,1.25,0,62,65,,,,,,,,,50
1068,5,0,,,0,8,37,,,,,,,,,0
1074,,,,,,,,,,,,,,,,2
1081,20,0,,,0,0,34,,,,,,,,,14
1082,67,0,,,0,0,5,,,,,,,,,40
1084,54,0,,,,,,,,,,,,,,149
1094,6,17,1.25,1.25,0,146,146,,,,,14.0,10.0,16.5,210.0,3
1096,15,8,1.25,0.0,0,55,55,,,,,,,,,103
1111,110,13,1.25,0.0,0,8,8,,,,,,,,,72
1114,0,39,,,0,17,79,,,,,,,,,2
1145,40,0,,,0,55,89,,,,,1.84186046511627,2.09186046511627,13.4790697674418,61.4046511627907,104
1147,76,0,,,0,0,20,,,,,,,,,112
1153,14,0,,,,,,,,,,,,,,143
1155,11,20,0.5,0.5,0,30,79,,,,,,,,,43
1156,70,0,,,,,,,,,,,,,,90
1163,30,0,,,0,30,30,,,,,,,,,39
1164,24,0,,,0,29,29,,,,,,,,,284
1177,1,0,,,,,,,,,,,,,,24
1178,0,30,1.25,1.25,0,508,508,,,,,,,,,508
1181,,,,,,,,,,,,,,,,65
1183,,,,,,,,,,,,,,,,148
1185,10,5,1.25,1.25,0,524,524,,,,,6.0,6.0,28.0,,0
1196,14,11,1.25,1.25,0,0,41,,,,,,,,,0
1201,39,0,,,,,,,,,,,,,,42
1202,8,21,1.25,0.0,0,35,71,,,,,,,,,0
1213,8,12,1.25,1.25,0,60,68,,,,,8.0,8.0,8.5,,0
1215,8,19,1.25,0.0,0,85,85,,,,,,,,,158
1233,4,0,,,,,,,,,,,,,,139
1237,0,19,1.25,0.0,0,22,31,,,,,,,,,40
1238,2,0,,,,,,,,,,,,,,103
1247,8,17,1.25,0.0,0,34,34,,,,,3.0,3.0,18.6,,132
1253,0,26,1.25,1.25,0,104,104,,,,,10.0,10.0,10.0,182.5,101
1258,52,0,,,0,120,194,,,,,2.8076923076923,2.8076923076923,6.53846153846153,,41
1269,14,18,1.25,1.25,0,113,179,,,,,20.0,20.0,30.0,150.0,24
1272,0,25,1.1402902305879,1.1402902305879,0,48,100,,,,,,,,,0
1286,,,,,,,,,,,,,,,,434
1291,,,,,,,,,,,,,,,,87
1293,38,6,1.25,0.0,0,72,270,,,,,,,,,57
1304,0,28,0.758627953376148,0.758627953376148,0,45,148,,,,,,,,,0
1305,5,11,1.25,1.25,0,280,280,,,,,6.0,6.0,14.0,,0
1306,30,4,2.5,1.25,0,423,423,,,,,,,11.99,,0
1307,35,0,,,0,6,6,,,,,,,,,241
1315,58,0,,,0,0,0,,,,,,,,,59
1321,37,1,1.25,0.0,0,0,0,,,,,,,,,96
1323,,,,,,,,,,,,,,,,174
1327,20,0,1.25,1.25,0,0,12,,,,,,,,,125
1328,19,0,,,0,12,24,,,,,,,,,5
1332,0,31,1.25,1.25,0,32,54,,,,,,,,,0
1335,6,10,0.0,0.0,0,0,42,,,,,,,,,10
1342,0,31,0.817179903080043,0.817179903080043,0,2,68,,,,,,,,,135
1344,,,,,,,,,,,,,,,,334
1349,17,21,,,0,11,23,,,,,,,,,17
1357,36,0,,,,,,,,,,,,,,54
1359,,,,,,,,,,,,,,,,54
1364,122,171,1.07956433513439,1.07956433513439,0,0,324,,,,,,,,,0
1365,,,,,,,,,,,,,,,,48
1367,8,17,0.0,0.0,0,94,94,,,,,10.0,10.0,12.0,150.0,161
1369,8,0,0.0,0.0,0,156,156,,,,,2.0,2.0,14.0,,480
1370,73,0,,,0,153,212,,,,,,,,,12
1373,,,,,,,,,,,,,,,,85
1390,,,,,,,,,,,,,,,,60
1391,126,0,,,0,0,0,,,,,,,,,257
1412,11,0,,,0,0,0,,,,,,,,,64
1415,9,17,1.25,0.0,0,10,48,,,,,,,,,41
1419,45,0,,,0,1,1,,,,,,,,,110
1422,,,,,,,,,,,,,,,,0
1426,22,49,1.25,1.25,0,30,32,,,,,,,,,363
1430,22,0,,,,,,,,,,,,,,48
1433,29,0,,,0,6,32,,,,,,,,,74
1434,44,0,,,0,6,6,,,,,,,,,102
1437,8,25,1.25,0.0,0,30,32,,,,,,,,,48
1444,5,50,1.25,1.25,0,18,18,,,,,,,,,0
1449,42,0,,,0,0,0,,,,,,,,,81
1453,,,,,,,,,,,,,,,,33
1455,47,3,1.25,0.0,0,5,63,,,,,,,,,24
1460,40,0,,,0,0,100,,,,,,,,,0
1467,5,9,1.25,0.0,0,10,28,,,,,,,,,6
1477,6,25,1.25,1.25,0,238,238,,,,,,,,,0
1480,16,0,0.0,0.0,0,91,91,,,,,,,32.0,,0
1485,0,89,1.03692469036456,1.03692469036456,0,0,0,,,,,,,,,700
1487,54,0,,,,,,,,,,,,,,81
1492,0,47,1.25,1.25,0,500,503,,,,,,,,,1254
1503,,,,,,,,,,,,,,,,183
1504,5,34,,,0,60,62,,,,,,,,,415
1508,0,19,,,0,101,121,,,,,20.0,20.0,22.8160919540229,,35
1509,0,32,1.0,1.0,0,0,8,,,,,,,,,184
1510,0,42,1.09375,1.09375,0,4,7,,,,,,,,,418
1520,70,0,,,0,0,0,,,,,,,,,48
1540,6,37,1.25,0.0,0,100,100,,,,,,,,,0
1542,14,0,,,0,53,53,,,,,10.0,10.0,8.0,,0
1543,14,20,,,0,326,328,,,,,,,,,317
1552,34,1,1.25,0.0,0,0,12,,,,,,,,,184
1559,14,0,0.0,0.0,0,142,142,,,,,16.9354838709677,16.2903225806451,23.4677419354838,,0
1570,0,19,1.25,0.0,0,42,70,,,,,,,,,5
1577,0,23,,,,,,,,,,,,,,127
1579,92,0,,,0,59,81,,,,,,,,,45
1606,28,23,1.25,1.25,0,55,63,,,,,5.0,5.0,32.5,195.0,367
1607,9,6,1.25,0.0,0,53,53,,,,,,,,,51
1612,12,0,,,,,,,,,,,,,,65
1617,50,0,,,,,,,,,,,,,,240
1618,56,0,,,0,0,0,,,,,,,,,161
1625,14,1,0.0,0.0,0,0,0,,,,,,,,,0
1627,47,34,1.25,0.0,0,102,130,,,,,,,,,199
1632,0,18,1.25,1.25,0,212,228,,,,,10.0,10.0,17.5,,0
1634,26,0,,,0,0,0,,,,,,,,,77
1662,30,0,,,0,13,13,,,,,,,,,72
1663,,,,,0,0,0,,,,,,,,,60
1666,7,3,1.25,0.0,0,0,0,,,,,,,,,59
1669,,,,,0,0,0,,,,,,,,,76
1679,,,,,0,0,0,,,,,,,,,0
1681,27,0,,,,,,,,,,,,,,29
1683,37,0,,,,,,,,,,,,,,65
1704,0,32,1.25,1.25,0,0,0,,,,,,,,,204
1707,5,0,,,0,0,120,,,,,,,,,12
1709,,,,,,,,,,,,,,,,152
1710,16,6,1.25,1.25,,,,,,,,,,,,100
1711,14,5,0.5,0.5,0,2,2,,,,,,,,,67
1716,6,0,,,,,,,,,,,,,,0
1717,18,0,0.0,0.0,0,22,32,,,,,,,,,91
1726,2,0,0.0,0.0,0,0,0,,,,,,,,,108
1728,,,,,,,,,,,,,,,,0
1729,8,0,0.0,0.0,0,240,240,,,,,8.0,8.0,24.0,170.0,0
1739,20,0,,,,,,,,,,,,,,125
1753,17,12,1.25,1.25,0,158,185,,,,,,,,,217
1761,19,111,,,0,0,10,,,,,,,,,50
1770,0,64,1.25,0.0,0,116,278,,,,,3.54407649253731,3.51049440298507,23.125,,42
1774,3,38,,,0,0,24,,,,,,,,,51
1776,4,0,,,,,,,,,,,,,,60
1783,,,,,0,0,0,,,,,,,,,60
1784,,,,,,,,,,,,,,,,259
1788,,,,,,,,,,,,,,,,75
1793,0,22,1.25,0.0,0,27,32,,,,,,,,,104
1802,20,0,,,13,250,263,,,,,,,,,0
1812,0,24,1.25,1.25,6,0,22,,,,,,,,,297
1814,9,0,,,0,97,97,,,,,,,,,0
1818,,,,,,,,,,,,,,,,280
1826,10,0,,,,,,,,,,,,,,136
1842,8,35,1.25,0.0,0,110,163,,,,,0.97165991902834,2.18876518218623,4.67611336032388,,131
1848,16,1,1.25,0.0,0,8,10,,,,,,,,,135
1854,,,,,,,,,,,,,,,,0
1861,0,26,,,0,30,46,,,,,20.0,20.0,30.0,,86
1862,0,24,,,0,104,104,,,,,12.0,10.0,22.0,,168
1865,0,1,,,,,,,,,,,,,,0
1874,0,36,1.25,1.25,,,,,,,,,,,,450
1881,22,0,,,,,,,,,,,,,,278
1884,8,27,,,0,6,15,,,,,,,,,135
1885,68,0,,,0,14,14,,,,,,,,,82
1886,,,,,,,,,,,,,,,,152
1889,80,0,,,0,38,128,,,,,5.0,5.0,5.0,,59
1900,0,39,1.25,1.25,0,5,11,,,,,,,,,55
1901,9,15,1.25,1.25,0,968,968,,,,,,,,,968
1916,1,0,,,0,0,0,,,,,,,,,153
1920,9,6,1.25,1.25,0,340,340,,,,,6.0,6.0,24.0,191.5,0
1931,67,1,1.25,0.0,0,10,54,,,,,,,,,177
1939,0,29,,,0,589,913,,,,,19.5,12.0,9.0,,355
1951,23,0,,,,,,,,,,,,,,253
1953,25,4,1.25,0.0,0,29,40,,,,,,,,,21
1963,120,4,1.25,0.0,0,10,33,,,,,,,,,164
1965,28,10,1.25,1.25,0,1,3,,,,,,,,,521
1967,28,0,,,0,14,42,,,,,,,,,32
1974,5,29,,,0,7,9,,,,,,,,,411
1975,0,26,1.25,1.25,12,10,28,,,,,,,,,123
1976,14,12,,,0,376,427,,,,,,,,,511
1978,2,34,,,0,46,94,,,,,,,,,10
1982,65,0,,,0,16,42,,,,,,,,,127
1985,117,0,,,0,25,38,,,,,,,,,94
1991,0,20,1.25,1.25,0,85,110,,,,,,,,,0
1992,6,17,1.25,1.25,0,139,139,,,,,,,,,0
1997,8,22,1.25,0.0,,,,,,,,,,,,239
1998,0,30,,,0,30,30,,,,,,,,,317
2000,,,,,0,0,0,,,,,,,,,23
2006,14,3,1.25,1.25,0,236,236,,,,,6.0,6.0,28.0,,0
2008,4,7,,,0,40,40,,,,,,,,,0
2011,0,6,,,0,7,14,,,,,,,,,0
2025,2,3,,,,,,,,,,,,,,0
2030,25,4,1.25,0.0,0,5,66,,,,,,,,,206
2037,14,10,1.25,0.0,0,150,159,,,,,,,,,33
2039,18,0,,,,,,,,,,,,,,161
2042,97,0,,,0,60,102,,,,,,,,,58
2052,61,0,,,0,0,0,,,,,,,,,93
2059,1,29,1.25,1.25,0,116,158,,,,,,,,,14
2064,10,14,,,0,51,59,,,,,20.0,20.0,30.0,,38
2066,0,31,1.25,1.25,0,1294,1294,,,,,11.5276497695852,8.23732718894009,28.8594470046082,12.442396313364,0
2078,16,0,1.25,0.0,,,,,,,,,,,,81
2079,,,,,,,,,,,,,,,,224
2080,,,,,,,,,,,,,,,,35
2084,3,0,,,0,70,92,,,,,,,,,88
2085,20,4,1.25,0.0,0,55,63,,,,,,,,,175
2092,28,0,,,0,0,36,,,,,,,,,26
2099,16,11,1.25,0.0,0,65,73,,,,,,,,,181
2101,,,,,,,,,,,,,,,,172
2104,8,34,1.25,0.0,0,166,439,,,,,4.5,4.5,25.0,,44
2111,4,0,,,,,,,,,,,,,,44
2116,24,0,,,0,12,12,,,,,,,,,0
2117,8,18,1.25,1.25,0,108,162,,,,,11.0,7.5,16.0,190.0,4
2119,0,8,1.25,1.25,0,126,131,,,,,,,,,131
2120,41,0,,,,,,,,,,,,,,112
2133,34,12,1.24999999999999,0.0,0,8,31,,,,,,,,,215
2134,6,10,1.25,1.25,0,165,165,,,,,7.74441340782122,7.98882681564245,17.2067039106145,,184
2135,170,0,,,0,150,215,,,,,,,,,58
2151,25,0,,,0,4,4,,,,,,,,,99
2154,24,0,,,0,0,144,,,,,,,,,0
2155,32,0,0.0,0.0,0,7,7,,,,,,,,,46
2157,44,4,1.25,0.0,0,17,77,,,,,,,,,244
2158,14,0,,,0,36,101,,,,,5.0,5.0,15.0,,5
2171,14,2,1.25,1.25,0,0,0,,,,,,,,,0
2173,,,,,,,,,,,,,,,,58
2177,51,1,1.25,0.0,0,5,13,,,,,,,,,38
2184,0,44,0.5,0.5,,,,,,,,,,,,327
2186,80,0,,,0,0,0,,,,,,,,,2
2187,42,0,,,0,0,0,,,,,,,,,152
2189,8,17,1.25,0.0,0,0,0,,,,,,,,,132
2211,,,,,,,,,,,,,,,,16
2213,,,,,,,,,,,,,,,,34
2217,18,14,2.5,1.25,0,4,30,,,,,,,,,17
2218,0,18,1.25,1.25,0,334,334,,,,,3.0,3.0,12.0,200.0,2
2238,7,11,1.25,0.0,0,94,174,,,,,3.0,3.0,10.0,,0
2239,10,0,,,0,0,0,,,,,,,,,4
2241,25,4,1.25,0.0,0,0,42,,,,,,,,,59
2246,11,10,1.25,0.0,0,92,114,,,,,,,,,86
2250,16,6,1.25,1.25,0,22,28,,,,,,,,,108
2251,0,30,0.5,0.5,5,0,16,,,,,,,,,0
2252,35,14,1.25,0.0,0,14,14,,,,,,,,,17
2253,0,33,0.932427270419756,0.932427270419756,,,,,,,,,,,,0
2259,28,0,,,0,0,2,,,,,,,,,8
2260,,,,,,,,,,,,,,,,68
2266,,,,,,,,,,,,,,,,30
2275,6,25,1.25,1.25,0,179,221,,,,,13.4638554216867,13.4638554216867,33.4638554216867,,0
2279,,,,,0,0,0,,,,,,,,,175
2280,6,18,1.25,1.25,0,7,7,,,,,,,,,32
2284,,,,,,,,,,,,,,,,107
2294,37,1,1.25,0.0,0,10,28,,,,,,,,,8
2298,49,2,1.25,0.0,0,20,40,,,,,,,,,97
2299,55,0,,,0,10,10,,,,,,,,,192
2313,,,,,,,,,,,,,,,,114
2319,14,1,1.25,0.0,0,6,41,,,,,,,,,5
2321,38,0,,,,,,,,,,,,,,109
2324,0,41,1.24999999999999,0.0,0,54,86,,,,,3.63157894736842,3.63157894736842,34.1052631578947,,104
2332,17,10,,,0,0,12,,,,,,,,,191
2333,20,55,1.5,1.5,,,,,,,,,,,,209
2338,76,0,,,0,0,11,,,,,,,,,127
2340,47,0,,,,,,,,,,,,,,128
2346,40,0,,,,,,,,,,,,,,58
2349,,,,,,,,,,,,,,,,214
2356,15,1,1.25,0.0,0,60,80,,,,,3.0,3.0,,,69
2357,34,0,,,0,70,85,,,,,10.5,10.5,27.5,,2
2362,,,,,,,,,,,,,,,,50
2380,,,,,0,0,0,,,,,,,,,0
2389,0,23,0.5,0.5,0,25,30,,,,,,,,,3
2390,20,0,1.25,0.0,0,4,4,,,,,,,,,112
2391,0,28,1.25,1.25,8,62,70,,,,,,,,,245
2396,2,0,,,,,,,,,,,,,,128
2406,36,0,0.0,0.0,0,0,37,,,,,,,,,22
2432,30,0,0.0,0.0,0,65,65,,,,,,,,,65
2447,0,37,0.0,0.0,0,50,72,,,,,,,,,3
2460,,,,,,,,,,,,,,,,145
2475,8,20,1.25,1.25,0,200,200,,,,,,,,,200
2476,66,0,,,0,0,0,,,,,,,,,0
2477,14,24,,,0,6,13,,,,,,,,,191
2484,6,10,1.25,1.25,0,0,48,,,,,,,,,0
2496,14,10,1.25,0.0,0,6,40,,,,,,,,,46
2510,16,7,1.0,1.0,0,60,60,,,,,8.5,10.0,18.5,120.0,301
2513,16,28,,,0,13,23,,,,,,,,,85
2519,0,37,0.249999999999999,0.249999999999999,0,20,20,,,,,,,,,86
2525,14,1,1.25,0.0,0,9,21,,,,,,,,,39
2538,13,35,0.0,0.0,0,16,21,,,,,,,,,445
2547,6,17,1.25,1.25,0,582,772,,,,,11.25,11.25,30.0,,0
2549,0,3,,,,,,,,,,,,,,42
2550,35,16,1.25,1.25,0,0,0,,,,,,,,,0
2569,0,12,1.25,1.25,0,103,103,,,,,,,,,0
2584,30,0,,,,,,,,,,,,,,56
2588,40,0,,,,,,,,,,,,,,38
2606,,,,,,,,,,,,,,,,40
2607,54,0,,,,,,,,,,,,,,211
2611,22,0,0.0,0.0,0,6,6,,,,,,,,,70
2612,6,16,0.335473568325694,0.0,0,30,59,,,,,,,,,45
2620,7,1,1.25,0.0,0,19,28,,,,,,,,,32
2622,,,,,,,,,,,,,,,,196
2624,15,4,1.25,1.25,0,147,147,,,,,10.0,10.0,59.0,,0
2627,50,0,,,0,108,134,,,,,,,,,94
2633,7,16,,,0,14,22,,,,,,,15.0,,84
2641,1,0,,,,,,,,,,,,,,32
2651,14,7,0.0,0.0,0,0,0,,,,,,,,,200
2657,15,38,,,0,0,22,,,,,,,,,70
2658,64,0,,,,,,,,,,,,,,73
2659,9,0,,,,,,,,,,,,,,69
2663,39,0,,,0,1,82,,,,,,,,,11
2677,6,17,1.25,1.25,0,144,144,,,,,10.0,10.0,10.0,,235
2694,8,21,1.25,1.25,0,80,82,,,,,,,,,131
2701,6,9,1.25,1.25,0,108,116,,,,,,,,,73
2705,22,0,,,0,393,393,,,,,10.0,10.0,30.0,,0
2718,36,5,1.25,0.0,0,16,25,,,,,,,,,205
2727,1,11,1.25,1.25,0,376,376,,,,,7.34282178217821,6.82858910891089,21.3712871287128,,277
2728,0,7,1.25,1.25,0,294,294,,,,,8.85364609892911,8.85364609892911,27.482066972633,,240
2729,26,14,1.25,0.0,0,14,14,,,,,,,,,49
2745,46,0,,,0,140,140,,,,,4.5,4.5,13.5,,97
2746,20,0,,,0,0,0,,,,,,,,,73
2756,11,16,,,0,5,5,,,,,,,,,326
2757,27,0,,,,,,,,,,,,,,90
2761,,,,,,,,,,,,,,,,232
2764,52,0,,,0,60,70,,,,,,,,,109
2768,15,0,0.0,0.0,0,54,54,,,,,8.0,,,150.0,543
2775,50,0,,,0,0,100,,,,,,,,,0
2781,0,21,1.25,0.0,0,0,0,,,,,,,,,64
2784,0,24,1.25,1.25,0,1038,1038,,,,,3.0,3.0,15.5,,123
2787,4,15,1.25,1.25,0,37,69,,,,,,,,,300
2788,0,44,1.25,1.25,0,68,72,,,,,,,,,37
2792,0,5,,,,,,,,,,,,,,54
2794,23,13,1.25,0.0,0,14,34,,,,,,,,,159
2796,,,,,,,,,,,,,,,,57
2800,0,9,,,0,244,244,,,,,8.39506172839506,10.0925925925925,18.2716049382716,,244
2815,0,41,,,0,49,49,,,,,,,,,206
2821,72,0,,,,,,,,,,,,,,325
2822,17,8,1.25,1.25,0,196,228,,,,,1.93846153846153,,32.0,170.0,159
2824,34,4,,,0,18,35,,,,,,,,,168
2828,28,0,,,0,0,0,,,,,,,,,0
2832,7,28,1.25,0.0,0,100,100,,,,,,,,,0
2833,,,,,0,0,0,,,,,,,,,75
2834,0,27,1.25,1.25,,,,,,,,,,,,622
2835,30,7,1.25,0.0,0,155,155,,,,,,,,,152
2836,14,0,,,0,90,100,,,,,12.6981255906752,12.3582379502257,21.4018691588785,124.494382022471,8
2838,6,21,1.25,1.25,,,,,,,,,,,,174
2841,9,3,1.25,1.25,753,1136,1889,,,,,11.0624203821656,11.0,32.1657111819296,164.701689319646,179
2854,1,0,,,0,0,0,,,,,,,,,190
2860,19,5,,,0,135,138,,,,,10.0,10.0,50.0,,38
2864,15,33,,,0,17,28,,,,,,,,,32
2867,,,,,,,,,,,,,,,,130
2870,6,16,,,0,2,12,,,,,,,,,18
2881,0,24,1.25,0.0,0,22,66,,,,,,,,,48
2883,0,22,1.0,1.0,0,84,84,,,,,,,,,82
2884,28,0,,,300,400,704,,,,,1.0,1.0,5.0,,0
2887,0,25,1.24999999999999,1.24999999999999,0,50,50,,,,,,,,,196
2889,17,5,1.25,0.0,0,12,88,,,,,,,,,20
2896,45,0,,,,,,,,,,,,,,214
2903,9,19,1.25,1.25,0,38,78,,,,,,,,,0
2908,50,0,,,0,0,4,,,,,,,,,6
2916,,,,,,,,,,,,,,,,169
2917,,,,,,,,,,,,,,,,476
2918,10,11,1.25,0.0,0,40,40,,,,,,,,,0
2925,52,0,,,0,0,0,,,,,,,,,40
2927,,,,,0,0,0,,,,,,,,,88
2929,0,17,,,0,96,102,,,,,,,50.0,,0
2942,10,6,,,0,22,43,,,,,,,,,9
2944,38,0,,,,,,,,,,,,,,136
2947,,,,,,,,,,,,,,,,0
2949,,,,,,,,,,,,,,,,77
2959,77,0,,,0,324,464,,,,,2.70873786407767,2.70873786407767,13.5436893203883,,0
2964,0,25,,,,,,,,,,,,,,238
2976,,,,,,,,,,,,,,,,120
2979,0,47,,,0,0,101,,,,,,,,,31
2980,57,0,,,0,41,41,,,,,,,,,90
2984,,,,,,,,,,,,,,,,162
2992,0,26,1.25,1.25,0,77,77,,,,,,,,,0
2994,10,27,1.25,0.0,0,80,128,,,,,,,,,107
3000,0,18,,,0,23,47,,,,,,,,,8
3007,,,,,,,,,,,,,,,,216
3009,63,0,,,0,190,230,,,,,4.88151658767772,4.88151658767772,23.8151658767772,103.755776986252,0
3028,16,9,1.25,0.0,0,0,24,,,,,,,,,67
3030,81,0,,,,,,,,,,,,,,72
3032,19,2,1.25,0.0,0,0,89,,,,,,,,,88
3039,0,43,1.10569021695723,1.10569021695723,0,55,55,,,,,,,,,0
3040,0,27,1.13018516683591,1.13018516683591,0,0,0,,,,,,,,,0
3041,37,0,0.0,0.0,0,0,74,,,,,,,,,0
3046,56,0,,,0,6,6,,,,,,,,,212
3051,0,12,1.25,1.25,0,9,9,,,,,,,,,0
3055,6,18,1.25,1.25,0,216,216,,,,,20.0,20.0,20.0,,0
3057,17,7,1.25,0.0,0,0,292,,,,,,,,,0
3059,9,10,1.25,1.25,,,,,,,,,,,,352
3072,13,21,1.25,0.0,0,64,104,,,,,,,,,57
3074,115,3,1.25,0.0,0,3,3,,,,,,,,,77
3078,6,25,1.25,1.25,0,200,206,,,,,,,,,200
3081,6,0,,,,,,,,,,,,,,0
3087,39,0,,,0,0,15,,,,,,,,,32
3098,,,,,,,,,,,,,,,,76
3111,5,0,,,0,2,2,,,,,,,,,5
3112,8,15,1.25,0.0,0,57,67,,,,,,,,,36
3115,40,0,,,,,,,,,,,,,,76
3144,34,0,0.0,0.0,0,11,11,,,,,,,,,74
3150,6,16,1.25,1.25,0,0,80,,,,,,,,,0
3156,78,0,,,,,,,,,,,,,,76
3158,9,0,,,0,0,0,,,,,,,,,0
3168,9,22,1.25,0.0,0,41,59,,,,,,,,,68
3169,16,12,1.25,0.0,0,27,47,,,,,10.0,10.0,15.0,100.0,9
3173,20,104,0.25,0.25,0,14,143,,,,,,,,,140
3177,5,33,0.0,0.0,,,,,,,,,,,,485
3179,0,45,0.816300179835909,0.816300179835909,,,,,,,,,,,,188
3197,0,42,1.25,1.25,0,26,28,,,,,40.0,40.0,40.0,,118
3198,6,0,,,,,,,,,,,,,,218
3201,44,0,,,0,7,44,,,,,,,,,13
3212,,,,,0,0,0,,,,,,,,,106
3217,,,,,,,,,,,,,,,,16
3219,20,0,,,0,0,0,,,,,,,,,0
3225,0,58,0.909803396006256,0.909803396006256,120,0,120,,,,,,,,,0
3226,,,,,,,,,,,,,,,,60
3240,0,79,1.5,1.5,0,0,0,,,,,,,,,121
3243,20,7,1.25,0.0,0,46,53,,,,,,,,,132
3244,14,0,,,,,,,,,,,,,,27
3247,8,15,1.25,0.0,0,15,18,,,,,,,,,69
3254,8,12,1.25,0.0,0,58,58,,,,,,,,,57
3258,,,,,,,,,,,,,,,,151
3263,,,,,0,0,0,,,,,,,,,159
3272,,,,,,,,,,,,,,,,174
3282,0,23,1.0,1.0,0,174,174,,,,,,,,,268
3291,6,0,,,0,0,0,,,,,,,,,131
3293,27,5,,,0,198,204,,,,,,,49.0,,0
3295,,,,,,,,,,,,,,,,116
3297,,,,,,,,,,,,,,,,75
3303,0,41,0.922241434385624,0.922241434385624,0,0,0,,,,,,,,,470
3304,,,,,,,,,,,,,,,,91
3307,34,0,,,,,,,,,,,,,,42
3309,21,0,,,,,,,,,,,,,,245
3312,16,1,,,0,0,0,,,,,,,,,0
3318,3,0,,,0,0,0,,,,,,,,,32
3319,8,7,1.25,0.0,0,0,0,,,,,,,,,45
3326,18,10,0.0,0.0,0,182,182,,,,,,,34.0,,0
3330,8,0,0.0,0.0,108,0,108,3.0,3.0,10.0,,,,,,0
3331,41,0,0.0,0.0,0,0,0,,,,,,,,,138
3334,,,,,,,,,,,,,,,,82
3338,161,0,,,0,162,216,,,,,,,,,97
3341,0,41,1.25,1.25,0,13,26,,,,,,,,,372
3342,0,7,2.5,1.25,0,160,186,,,,,21.3636363636363,21.3636363636363,25.6060606060606,,166
3350,0,28,,,0,0,4,,,,,,,,,155
3359,8,23,1.25,1.25,,,,,,,,,,,,268
3368,3,0,,,,,,,,,,,,,,187
3371,0,24,1.25,1.25,0,0,225,,,,,,,,,242
3386,87,0,,,0,54,54,,,,,,,,,21
3388,0,32,1.25,1.25,0,36,36,,,,,,,,,233
3396,,,,,,,,,,,,,,,,400
3406,6,28,0.5,0.5,0,2,2,,,,,,,,,2
3408,,,,,,,,,,,,,,,,68
3409,17,7,1.25,1.25,0,24,24,,,,,,,,,0
3410,17,12,1.25,1.25,0,667,667,,,,,12.0,16.0,33.0,,0
3411,,,,,,,,,,,,,,,,512
3415,0,6,,,,,,,,,,,,,,37
3419,26,0,0.0,0.0,0,0,0,,,,,,,,,10
3424,0,31,1.25,1.25,0,21,26,,,,,,,,,9
3426,14,4,1.25,1.25,0,396,396,,,,,8.0,8.0,37.0,,0
3427,17,17,1.25,1.25,24,0,49,,,,,,,,,0
3437,,,,,,,,,,,,,,,,265
3442,197,6,1.25,0.0,0,0,12,,,,,,,,,186
3450,20,0,,,,,,,,,,,,,,214
3454,,,,,,,,,,,,,,,,4
3455,0,33,1.25,1.25,0,298,298,,,,,10.323287769526,8.09169267750152,23.2080508018512,91.2610770279481,0
3457,107,0,,,0,494,554,,,,,2.515625,2.515625,14.3359375,,0
3461,,,,,,,,,,,,,,,,128
3468,0,18,0.54900369042619,0.54900369042619,0,34,55,,,,,30.0,30.0,27.5,,67
3469,36,0,,,0,136,214,,,,,,,,,0
3470,15,1,1.25,0.0,0,24,53,,,,,,,,,148
3474,49,0,,,0,64,146,,,,,2.59756097560975,2.59756097560975,11.7073170731707,,0
3478,28,0,,,0,8,8,,,,,,,,,107
3484,,,,,,,,,,,,,,,,212
3488,6,18,,,0,178,234,,,,,,,,,0
3504,0,19,1.25,1.25,0,373,373,,,,,,,,,457
3514,0,27,1.25,1.25,0,83,97,,,,,9.0,8.25,15.0,175.0,35
3516,,,,,,,,,,,,,,,,133
3523,40,0,,,,,,,,,,,,,,62
3528,11,19,1.25,1.25,0,142,142,,,,,4.78181818181818,5.04545454545454,14.3045454545454,176.027015437392,27
3531,0,33,1.25,1.25,0,100,100,,,,,6.64044943820224,5.32808988764044,9.05949641261676,20.2247191011235,72
3547,12,5,1.25,0.0,0,0,24,,,,,,,,,6
3551,,,,,,,,,,,,,,,,163
3552,15,7,0.633523331445059,0.0,0,30,96,,,,,,,,,99
3558,,,,,,,,,,,,,,,,194
3570,9,3,,,24,8,71,0.75,0.75,,,,,,,5
3575,35,0,,,0,4,11,,,,,,,,,63
3576,10,8,1.25,0.0,0,27,27,,,,,,,,,48
3583,0,16,1.25,1.25,0,96,133,,,,,25.0,25.0,25.0,,762
3590,5,46,0.5,0.5,0,0,58,,,,,,,,,53
3601,34,0,0.0,0.0,,,,,,,,,,,,100
3602,23,0,,,0,6,85,,,,,,,,,118
3610,15,8,1.25,1.25,0,248,263,,,,,8.21774193548387,8.17741935483871,15.0,96.6935483870967,0
3639,39,0,0.0,0.0,0,4,16,,,,,,,,,32
3640,17,6,1.25,0.0,0,131,191,,,,,,,,,3
3643,,,,,,,,,,,,,,,,94
3645,14,8,2.5,1.25,0,56,56,,,,,,,,,55
3651,8,62,,,,,,,,,,,,,,295
3653,0,28,1.0,1.0,0,59,59,,,,,,,,,293
3667,34,5,1.25,0.0,0,1,36,,,,,,,,,238
3675,,,,,,,,,,,,,,,,84
3677,13,10,1.25,0.0,0,7,22,,,,,,,,,209
3690,,,,,,,,,,,,,,,,137
3693,28,3,1.25,0.0,0,0,3,,,,,,,,,351
3697,24,3,1.25,0.0,0,6,34,,,,,,,,,42
3699,22,0,,,0,24,24,,,,,5.0,5.0,40.0,,43
3700,9,0,,,,,,,,,,,,,,46
3709,14,40,,,0,0,31,,,,,,,,,12
3710,41,0,,,,,,,,,,,,,,76
3724,7,12,1.25,0.0,0,52,66,,,,,,2.0,,,15
3725,38,0,,,0,13,23,,,,,,,,,29
3742,,,,,,,,,,,,,,,,130
3750,13,8,1.24999999999999,0.0,0,11,32,,,,,,,,,138
3751,79,0,,,0,6,6,,,,,,,,,394
3752,8,19,1.25,0.0,0,44,44,,,,,,,,,18
3753,22,2,1.25,0.0,0,20,20,,,,,,,,,0
3754,21,0,,,0,0,0,,,,,,,,,79
3755,59,1,1.25,0.0,0,0,0,,,,,,,,,115
3774,19,0,,,,,,,,,,,,,,216
3896,24,7,1.25,0.0,0,4,72,,,,,,,,,0
3897,,,,,,,,,,,,,,,,0
3898,,,,,,,,,,,,,,,,0
3901,54,5,1.25,0.0,0,0,17,,,,,,,,,0
3902,78,1,1.25,0.0,0,0,32,,,,,,,,,0
3904,17,0,1.25,0.0,0,0,22,,,,,,,,,0
3906,,,,,,,,,,,,,,,,5
3907,34,0,,,0,16,47,,,,,,,,,0
3908,,,,,0,0,20,,,,,,,,,0
3909,,,,,0,0,8,,,,,,,,,0
3910,32,0,,,0,0,12,,,,,,,,,0
3911,,,,,,,,,,,,,,,,0
3912,35,0,,,0,28,54,,,,,,,,,0
3913,21,0,,,0,0,45,,,,,,,,,0
3914,27,0,,,0,0,79,,,,,,,,,0
3915,26,0,,,0,5,30,,,,,,,,,5
3935,,,,,,,,,,,,,,,,0
3938,292,0,,,0,1122,1122,,,,,17.8846153846153,17.8846153846153,40.3846153846153,75.0,0
4016,94,0,,,0,42,96,,,,,5.0,5.0,,,37
4046,96,4,1.25,0.0,0,0,114,,,,,,,,,4
4048,,,,,,,,,,,,,,,,2
4073,,,,,,,,,,,,,,,,201
4074,20,12,1.25,0.0,0,6,17,,,,,,,,,268
4075,55,1,1.25,0.0,0,1,11,,,,,,,,,254
4084,,,,,,,,,,,,,,,,0
4120,,,,,,,,,,,,,,,,168
4168,7,25,0.0,0.0,0,686,686,,,,,4.0,4.0,12.0,,0
4169,18,0,0.0,0.0,0,0,0,,,,,,,,,0
4170,,,,,,,,,,,,,,,,397
4171,29,8,0.0,0.0,0,320,322,,,,,5.75,5.75,40.1,,0
4172,14,2,0.0,0.0,0,132,132,,,,,9.03658536585365,9.41158536585365,19.8932926829268,,0
4173,0,41,,,,,,,,,,,,,,119
4174,16,0,,,0,0,0,,,,,,,,,0
4175,9,6,1.25,0.0,0,0,12,,,,,,,,,0
4176,48,0,,,32,0,32,,,,,,,,,79
4190,35,0,,,0,3,37,,,,,,,,,76
4198,,,,,0,7,7,,,,,,,,,325
4202,,,,,,,,,,,,,,,,80
4203,,,,,,,,,,,,,,,,94
4222,8,0,,,0,40,56,,,,,,,,,52
4223,56,0,,,,,,,,,,,,,,59
4228,32,0,,,,,,,,,,,,,,0
4229,25,0,,,,,,,,,,,,,,159
4230,121,0,,,,,,,,,,,,,,504
4231,62,0,,,,,,,,,,,,,,71
4232,40,0,,,0,0,0,,,,,,,,,217
4235,60,0,,,0,35,59,,,,,3.0,3.0,24.0,,178
4266,25,0,,,0,0,0,,,,,,,,,250
4276,,,,,735,52,787,2.75,1.5,5.975,100.5,,,,,0
4298,,,,,,,,,,,,,,,,17
4299,22,4,1.25,0.0,0,0,23,,,,,,,,,8
4300,,,,,,,,,,,,,,,,24
4303,,,,,,,,,,,,,,,,0
4312,53,0,,,,,,,,,,,,,,0
4450,,,,,,,,,,,,,,,,0
4493,,,,,,,,,,,,,,,,0
4495,20,0,,,0,0,0,,,,,,,,,0
4496,,,,,601,0,601,3.0,3.0,,,,,,,0
4580,,,,,0,0,0,,,,,,,,,0
4583,14,0,,,155,0,155,3.0,3.0,,,,,,,0
4584,64,0,,,0,0,850,,,,,,,,,0
4621,9,24,,,,,,,,,,,,,,516
4870,41,0,,,,,,,,,,,,,,266
4871,,,,,,,,,,,,,,,,380
4900,24,2,,,0,0,0,,,,,,,,,90
4910,30,0,,,0,830,852,,,,,10.0,10.0,19.95,,0
4915,,,,,,,,,,,,,,,,0
4923,15,2,,,0,550,1050,,,,,16.0,16.0,32.0,252.5,0
4926,0,6,,,0,0,6,,,,,,,,,0
4934,,,,,,,,,,,,,,,,0
4960,,,,,,,,,,,,,,,,42
4976,,,,,,,,,,,,,,,,132
4977,10,0,,,0,65,447,,,,,,,,,0
4985,101,0,,,0,0,0,,,,,,,,,296
4991,,,,,,,,,,,,,,,,34
5033,0,21,1.5,1.5,0,0,0,,,,,,,,,0
5049,26,0,,,0,0,0,,,,,,,,,0
5057,86,0,,,,,,,,,,,,,,190
5066,33,0,,,,,,,,,,,,,,142
5099,,,,,,,,,,,,,,,,90
5107,26,249,0.25,0.25,0,18,41,,,,,,,,,268
5116,16,0,,,0,0,0,,,,,,,,,14
5126,62,0,,,0,6,6,,,,,,,,,251
5143,32,16,2.17605050806241,1.10948647323318,0,57,103,,,,,7.0,7.0,12.0,65.0,62
5149,0,6,,,,,,,,,,,,,,28
5158,61,10,,,0,1006,1006,,,,,,,,,0
5159,8,16,1.25,1.25,0,500,522,,,,,,,,,8
5171,10,0,,,482,18,500,3.0,3.0,7.0,,3.0,3.0,,,0
5172,,,,,,,,,,,,,,,,154
5177,2,0,,,0,0,0,,,,,,,,,44
5192,0,17,1.0,1.0,0,0,0,,,,,,,,,290
5225,,,,,,,,,,,,,,,,56
5238,,,,,,,,,,,,,,,,121
5245,0,41,1.25,1.25,,,,,,,,,,,,198
5255,,,,,,,,,,,,,,,,0
5287,4,0,,,,,,,,,,,,,,55
5288,0,30,1.25,1.25,0,35,35,,,,,,,,,123
5303,36,0,,,0,0,0,,,,,,,,,0
5304,12,0,,,2196,1639,3893,3.0,3.0,,,3.0,3.0,15.0,,0
5314,61,1,,,0,0,148,,,,,,,,,114
5320,,,,,,,,,,,,,,,,84
5334,60,0,,,,,,,,,,,,,,100
5341,6,0,,,,,,,,,,,,,,313
5342,115,7,1.25,0.0,,,,,,,,,,,,0
5351,,,,,,,,,,,,,,,,0
5358,16,7,1.5,1.5,154,0,154,,,5.0,,,,,,0
5360,,,,,0,0,0,,,,,,,,,1001
5398,66,0,,,,,,,,,,,,,,95
5424,0,43,1.5,1.5,,,,,,,,,,,,104
5428,56,86,0.25,0.25,0,25,62,,,,,,,,,154
5469,,,,,,,,,,,,,,,,172
5493,28,57,,,0,218,218,,,,,10.0,10.0,15.3488372093023,175.813953488372,322
5495,18,39,1.25,0.0,0,0,214,,,,,,,,,149
5503,0,28,1.25,0.0,0,38,116,,,,,,,,,40
5524,239,0,,,0,6,67,,,,,,,,,103
5528,53,3,1.25,0.0,0,18,46,,,,,,,,,184
5561,,,,,,,,,,,,,,,,0
5562,48,0,,,0,764,1301,,,,,18.0,18.0,27.0,,0
5565,28,1,1.25,0.0,0,94,197,,,,,,,,,115
5577,47,0,,,0,0,0,,,,,,,,,102
5582,0,1,0.25,0.25,0,0,0,,,,,,,,,137
5611,70,0,,,0,0,0,,,,,,,,,26
5615,5,0,,,0,0,86,,,,,,,,,13
5619,48,22,1.25,1.25,403,475,878,,15.0,,,,,,,0
5624,,,,,0,0,0,,,,,,,,,0
5625,5,0,,,0,0,219,,,,,,,,,497
5626,52,0,,,0,691,965,,,,,2.40427927927927,2.40427927927927,11.6073968705547,5.52631578947368,0
5671,,,,,,,,,,,,,,,,45
5681,8,0,,,,,,,,,,,,,,45
5682,12,0,,,,,,,,,,,,,,0
5683,,,,,,,,,,,,,,,,85
5698,72,0,,,,,,,,,,,,,,0
5710,43,0,,,0,0,0,,,,,,,,,217
5721,,,,,,,,,,,,,,,,16
5736,48,0,,,500,1290,2128,,,,,2.77797202797202,2.77797202797202,4.19580419580419,,0
5741,15,0,,,0,229,294,,,,,3.0,3.0,11.2435897435897,,0
5747,,,,,,,,,,,,,,,,180
5751,14,0,,,,,,,,,,,,,,120
5761,19,42,1.25,0.0,0,0,4,,,,,,,,,0
5779,104,0,,,0,11,121,,,,,,,,,123
5799,,,,,,,,,,,,,,,,300
5801,16,4,,,0,406,406,,,,,8.0,8.0,24.2484227129337,175.0,0
5815,12,14,1.25,1.25,0,708,708,,,,,11.0,8.5,31.5,,0
5821,51,13,1.25,0.0,0,23,49,,,,,,,,,174
5839,9,54,0.0,0.0,0,3,3,,,,,,,,,164
5873,,,,,,,,,,,,,,,,211
5911,35,0,,,,,,,,,,,,,,57
5921,,,,,,,,,,,,,,,,0
5922,31,18,1.25,0.0,0,0,19,,,,,,,,,34
5939,5,64,1.35987970917257,1.35987970917257,75,8,179,2.0,,,,,,,,138
5940,67,0,,,0,33,33,,,,,,,,,0
5950,15,0,,,,,,,,,,,,,,288
5995,32,0,,,0,0,91,,,,,,,,,0
6011,,,,,0,0,0,,,,,,,,,434
6037,39,16,1.25,0.0,0,28,53,,,,,3.0,3.0,8.0,90.0,173
6040,15,0,,,,,,,,,,,,,,0
6047,51,0,,,0,28,91,,,,,,,,,539
6066,,,,,,,,,,,,,,,,23
6072,68,0,,,0,500,580,,,,,,,,,0
6090,,,,,,,,,,,,,,,,1720
6104,202,0,,,0,30,54,,,,,,,,,223
6122,,,,,,,,,,,,,,,,31
6129,23,2,1.25,0.0,,,,,,,,,,,,151
6154,,,,,,,,,,,,,,,,0
6155,163,0,,,298,546,1020,,,,,8.0,8.0,12.5,182.5,0
6164,72,0,,,0,0,0,,,,,,,,,346
6173,,,,,,,,,,,,,,,,189
6179,0,37,1.5,1.5,80,0,80,,,2.0,,,,,,106
6200,6,0,,,0,0,0,,,,,,,,,0
6208,0,78,0.0,0.0,,,,,,,,,,,,110
6212,0,47,0.25,0.25,0,40,72,,,,,,,,,279
6227,4,24,,,0,0,100,,,,,,,,,0
6248,,,,,,,,,,,,,,,,0
6267,68,0,,,0,450,604,,,,,,,13.0,,0
6268,32,0,,,,,,,,,,,,,,106
6271,120,12,1.5,1.5,170,0,170,3.76275510204081,2.69132653061224,4.76275510204081,,,,,,898
6272,,,,,0,0,0,,,,,,,,,0
6283,3,40,0.75,0.75,0,0,0,,,,,,,,,13
6284,45,0,,,0,1365,1365,,,,,,,7.5,,0
6291,3,63,,,0,0,7,,,,,,,,,49
6293,38,0,,,0,5,17,,,,,,,,,5
6303,87,0,,,,,,,,,,,,,,190
6309,,,,,302,0,302,3.0,1.5,5.5,90.0,,,,,0
6328,26,2,1.25,0.0,,,,,,,,,,,,34
6333,50,0,,,0,119,119,,,,,5.0,5.0,,,9
6339,14,9,1.25,0.0,0,15,33,,,,,,,,,0
6381,7,6,1.25,0.0,0,17,37,,,,,,,,,209
6419,14,0,,,0,6,9,,,,,,,,,0
6421,31,0,,,0,1616,1616,,,,,5.38461538461538,5.38461538461538,12.3076923076923,,0
6427,14,9,1.25,0.0,0,606,756,,,,,3.0913498827585,3.20631067961165,18.9931427795505,,25
6434,2,15,1.25,1.25,0,26,52,,,,,2.5,5.0,10.0,,104
6452,8,0,,,0,333,333,,,,,3.75,3.75,21.0,,0
6466,35,3,1.25,0.0,0,0,0,,,,,,,,,61
6474,,,,,,,,,,,,,,,,0
6516,20,0,,,0,49,59,,,,,,,,,0
6527,0,42,1.5,1.5,0,108,108,,,,,,,,,0
6532,84,58,,,0,0,1144,,,,,,,,,187
6540,,,,,,,,,,,,,,,,87
6594,,,,,,,,,,,,,,,,14
6603,52,11,0.0,0.0,0,0,0,,,,,,,,,0
6611,9,3,1.25,1.25,0,162,515,,,,,12.0,12.0,30.0,242.5,299
6617,3,0,,,,,,,,,,,,,,0
6619,5,24,1.25,1.25,0,0,0,,,,,,,,,0
6625,56,0,0.0,0.0,0,0,0,,,,,,,,,253
6631,12,30,,,0,0,3,,,,,,,,,56
6644,28,0,,,,,,,,,,,,,,162
6647,8,45,1.5,1.5,18,0,18,3.0,3.0,10.0,,,,,,214
6660,,,,,0,0,0,,,,,,,,,0
6669,6,11,,,0,10,21,,,,,,,,,171
6676,,,,,0,0,0,,,,,,,,,0
6678,114,0,,,0,0,99,,,,,,,,,170
6689,11,0,,,,,,,,,,,,,,0
6696,0,3,,,,,,,,,,,,,,198
6697,86,0,,,0,59,359,,,,,,,,,218
6699,30,0,,,0,0,931,,,,,,,,,0
6723,4,52,1.5,1.5,0,0,0,,,,,,,,,170
6726,26,73,1.25,0.0,0,230,593,,,,,,,,,13
6742,,,,,,,,,,,,,,,,131
6760,95,0,,,,,,,,,,,,,,0
6773,4,0,,,,,,,,,,,,,,1168
6794,,,,,,,,,,,,,,,,367
6795,5,25,,,0,0,91,,,,,,,,,119
6801,64,2,1.25,0.0,0,18,46,,,,,5.0,5.0,15.0,85.0,243
6856,,,,,,,,,,,,,,,,88
6882,82,2,1.25,0.0,0,12,12,,,,,,,,,136
6886,6,31,,,0,0,22,,,,,,,,,8
6911,,,,,0,0,0,,,,,,,,,0
6914,28,0,,,0,130,130,,,,,,,,,0
6921,11,40,1.25,1.25,0,29,29,,,,,,,,,5
6942,,,,,,,,,,,,,,,,298
6943,,,,,,,,,,,,,,,,179
6997,,,,,126,0,126,3.0,1.5,5.9,93.0,,,,,0
7007,9,0,,,0,0,0,,,,,,,,,291
7010,,,,,,,,,,,,,,,,0
7015,7,148,0.25,0.25,0,30,91,,,,,,,,,393
7017,86,0,,,0,29,623,,,,,,,,,116
7023,20,0,,,0,0,129,,,,,,,,,35
7026,51,0,,,0,482,482,,,,,4.62299876270106,4.62299876270106,17.7366240485921,,0
7042,,,,,0,0,0,,,,,,,,,0
7047,16,0,,,0,7,7,,,,,15.0,15.0,50.0,,175
7058,18,0,,,0,0,0,,,,,,,,,0
7073,32,9,1.25,1.25,0,0,0,,,,,,,,,0
7084,,,,,,,,,,,,,,,,216
7096,,,,,,,,,,,,,,,,363
7098,,,,,,,,,,,,,,,,11
7122,,,,,,,,,,,,,,,,0
7135,19,11,,,0,18,20,,,,,,,50.0,,14
7136,8,13,1.25,1.25,0,138,142,,,,,11.0,11.0,20.0,,0
7137,10,0,,,200,188,388,1.0,,,,8.0,8.0,24.0,,0
7140,52,0,,,,,,,,,,,,,,120
7154,20,0,,,,,,,,,,,,,,257
7161,26,0,,,0,88,210,,,,,,,10.0,250.0,3
7167,98,0,,,228,41,269,3.0,3.0,,,3.0,3.0,15.0,,61
7174,14,0,,,0,1,1,,,,,,,19.95,,0
7197,,,,,,,,,,,,,,,,338
7200,,,,,,,,,,,,,,,,65
7207,,,,,,,,,,,,,,,,43
7212,13,0,,,,,,,,,,,,,,22
7219,66,0,,,32,28,87,0.5,0.5,,,,,,,112
7238,140,1,1.25,0.0,0,25,33,,,,,,,,,126
7239,61,0,,,0,0,0,,,,,,,,,66
7240,26,0,,,0,0,0,,,,,,,,,11
7241,76,0,,,0,15,15,,,,,,,,,42
7246,76,0,,,12,25,197,,,,,,,,,49
7250,,,,,,,,,,,,,,,,185
7252,,,,,,,,,,,,,,,,218
7257,6,28,1.25,1.25,0,0,0,,,,,,,,,105
7280,,,,,,,,,,,,,,,,288
7290,86,23,1.25,0.0,0,20,62,,,,,,,,,162
7306,,,,,,,,,,,,,,,,0
7318,16,0,,,620,0,620,,,,,,,,,0
7325,2,0,,,,,,,,,,,,,,0
7335,37,4,0.75,0.0,0,29,71,,,,,,,,,75
7337,96,0,,,0,0,0,,,,,,,,,0
7352,,,,,,,,,,,,,,,,0
7362,34,0,,,0,0,0,,,,,,,,,149
7363,127,0,,,,,,,,,,,,,,72
7379,2,0,,,,,,,,,,,,,,0
7413,,,,,,,,,,,,,,,,0
7432,40,15,1.25,0.0,0,18,70,,,,,,,,,88
7449,14,0,,,0,0,100,,,,,,,,,355
7456,34,20,1.25,0.0,0,342,886,,,,,2.0359477124183,3.77777777777777,10.9705882352941,,80
7464,,,,,,,,,,,,,,,,76
7471,32,2,,,0,63,89,,,,,,,,,27
7475,,,,,,,,,,,,,,,,0
7480,,,,,,,,,,,,,,,,2
7499,6,87,0.25,0.25,0,0,0,,,,,,,,,399
7501,0,38,,,0,3,3,,,,,,,,,112
7513,74,0,,,0,4,4,,,,,,,,,169
7528,13,0,,,0,12,12,,,,,,,,,0
7545,63,0,,,0,984,984,,,,,2.86015543132835,2.86015543132835,18.0424891253673,,0
7558,,,,,,,,,,,,,,,,0
7562,52,0,,,552,0,552,3.0,3.0,15.0,,,,,,0
7591,,,,,,,,,,,,,,,,0
7595,15,0,,,0,0,0,,,,,,,,,58
7599,30,0,,,0,0,0,,,,,,,,,176
7601,,,,,,,,,,,,,,,,0
7621,28,0,,,,,,,,,,,,,,36
7624,,,,,,,,,,,,,,,,64
7627,,,,,,,,,,,,,,,,73
7633,67,0,,,3,256,271,,,,,30.0,30.0,30.0,,154
7675,0,6,1.5,1.5,198,0,198,5.0,12.5,5.0,,,,,,18
7679,,,,,,,,,,,,,,,,186
7683,25,0,,,,,,,,,,,,,,42
7687,,,,,,,,,,,,,,,,603
7699,4,39,1.25,0.0,0,3,28,,,,,,,,,154
7702,82,4,1.25,0.0,0,24,24,,,,,,,,,200
7706,40,0,,,0,302,355,,,,,,,6.60596026490066,,0
7716,,,,,0,0,0,,,,,,,,,0
7740,,,,,0,0,0,,,,,,,,,95
7743,6,0,,,,,,,,,,,,,,13
7746,40,5,1.25,0.0,0,20,96,,,,,,,,,97
7760,,,,,,,,,,,,,,,,187
7775,14,9,1.25,1.25,0,0,0,,,,,,,,,512
7783,56,0,,,0,2,16,,,,,,,,,215
7799,46,0,,,,,,,,,,,,,,121
7803,20,0,,,0,550,967,,,,,4.0,4.0,12.0,,0
7809,233,0,,,0,0,70,,,,,,,,,0
7825,34,0,,,0,6,6,,,,,,,,,117
7833,,,,,,,,,,,,,,,,0
7856,52,0,,,0,109,138,,,,,3.0,3.0,10.0,,10
7865,61,0,,,,,,,,,,,,,,291
7867,0,20,1.25,1.25,,,,,,,,,,,,520
7883,,,,,350,24,374,2.75,1.5,5.975,100.5,,,,,0
7899,3,24,1.25,1.25,0,170,185,,,,,17.6338172152933,10.1338172152933,28.1748619914128,260.0,0
7936,,,,,,,,,,,,,,,,60
8000,,,,,,,,,,,,,,,,242
8022,0,48,,,0,0,176,,,,,,,,,20
8038,,,,,0,0,818,,,,,,,,,0
8050,,,,,,,,,,,,,,,,141
8075,0,14,,,0,11,15,,,,,,,,,6
8088,0,6,,,0,100,100,,,,,,,,,156
8091,9,0,,,0,573,573,,,,,,,16.0,,0
8095,70,0,,,0,4280,4326,,,,,0.828971962616822,0.828971962616822,3.0,,0
8127,71,0,,,0,2891,2891,,,,,,,25.0,,0
8141,,,,,,,,,,,,,,,,135
8160,,,,,,,,,,,,,,,,87
8167,48,8,,,0,522,526,,,,,5.75,5.75,40.1,,0
8172,58,5,0.75,0.0,0,0,17,,,,,,,,,128
8174,0,31,0.75,0.0,0,0,7,,,,,,,,,12
8213,23,14,1.25,1.25,0,0,152,,,,,,,,,512
8218,2,0,,,,,,,,,,,,,,
8220,3,39,,,0,2,92,,,,,,,,,0
8238,26,0,,,0,0,0,,,,,,,,,7
8254,64,0,,,0,0,14,,,,,,,,,154
8265,,,,,,,,,,,,,,,,0
8281,108,0,,,0,175,529,,,,,1.21348314606741,1.21348314606741,4.18025003956322,,16
8294,,,,,,,,,,,,,,,,0
8313,6,85,0.425491801872747,0.425491801872747,0,3,17,,,,,,,,,136
8314,28,87,0.25,0.25,0,127,137,,,,,,,,,80
8324,,,,,,,,,,,,,,,,638
8326,,,,,,,,,,,,,,,,183
8386,8,7,1.25,0.0,0,42,96,,,,,,,,,242
8388,14,36,,,0,1037,1047,,,,,9.75,10.75,35.25,150.0,58
8406,,,,,0,0,0,,,,,,,,,0
8407,57,0,,,0,214,336,,,,,,5.0,,,16
8444,,,,,,,,,,,,,,,,0
8449,0,88,,,0,2,42,,,,,,,,,277
8454,176,0,,,14,0,14,,,,,,,,,108
8455,36,2,,,0,1358,1358,,,,,,,17.0,,0
8466,,,,,,,,,,,,,,,,158
8470,31,15,1.25,0.0,0,107,169,,,,,,,,,546
8493,,,,,,,,,,,,,,,,1031
8507,,,,,,,,,,,,,,,,0
8527,12,10,0.0,0.0,0,966,966,,,,,6.0303030305,8.0,18.0,,0
8531,12,0,,,0,0,0,,,,,,,,,0
8534,,,,,,,,,,,,,,,,32
8542,,,,,,,,,,,,,,,,0
8549,8,35,1.5,1.5,0,0,0,,,,,,,,,0
8573,4,0,,,,,,,,,,,,,,1258
8578,83,0,,,700,11,727,5.0,5.0,10.0,,,,10.0,,0
8582,96,0,,,21,661,682,1.75,,,,10.5,10.5,38.75,,0
8584,,,,,,,,,,,,,,,,196
8596,37,117,,,0,28,48,,,,,,,,,148
8603,,,,,,,,,,,,,,,,87
8604,26,0,,,0,0,0,,,,,,,,,256
8651,,,,,,,,,,,,,,,,19
8666,18,29,1.5,1.5,0,0,0,,,,,,,,,330
8670,,,,,,,,,,,,,,,,87
8684,8,0,,,0,0,0,,,,,,,,,133
8705,,,,,259,0,259,3.0,1.5,5.9,93.0,,,,,0
8735,24,0,,,0,50,89,,,,,,,,,619
8742,6,18,2.5,1.25,0,0,0,,,,,,,,,0
8745,164,0,,,0,122,122,,,,,3.14754098360655,3.14754098360655,16.9360655737704,,0
8749,0,12,0.75,0.75,0,120,182,,,,,,,,,0
8769,34,0,0.0,0.0,0,12,34,,,,,,,,,62
8771,0,20,1.25,1.25,0,185,185,,,,,4.0,5.0,16.0,,0
8791,137,0,,,,,,,,,,,,,,109
8794,,,,,,,,,,,,,,,,0
8806,60,0,,,0,0,0,,,,,,,,,40
8838,11,21,1.25,1.25,0,199,300,,,,,5.0,5.0,20.0,,0
8853,51,0,,,0,0,0,,,,,,,,,0
8861,28,8,1.25,0.0,0,35,43,,,,,,,,,164
8863,7,0,,,0,0,0,,,,,,,,,114
8872,76,0,,,642,90,732,1.5,1.5,8.0,,,,,,85
8877,39,0,,,0,62,242,,,,,,,15.95,,0
8893,59,0,,,0,53,64,,,,,,,,,182
8909,4,0,,,,,,,,,,,,,,24
8920,,,,,,,,,,,,,,,,192
8928,9,0,,,,,,,,,,,,,,69
8930,6,0,,,0,96,96,,,,,10.0,10.0,55.0,,0
8932,,,,,,,,,,,,,,,,127
8941,4,0,,,0,0,0,,,,,,,,,0
8975,61,16,1.25,0.0,0,129,203,,,,,,,,,32
8976,1,0,,,,,,,,,,,,,,0
8977,56,0,,,0,0,0,,,,,,,,,0
8988,48,0,,,0,0,0,,,,,,,,,0
8996,0,13,,,0,0,0,,,,,,,,,120
9009,2,21,,,0,15,20,,,,,,,,200.0,72
9012,0,52,,,0,0,4,,,,,,,,,86
9014,45,0,,,30,54,84,3.0,1.5,6.0,,2.0,2.0,20.0,,0
9016,,,,,,,,,,,,,,,,304
9063,9,0,,,,,,,,,,,,,,37
9065,,,,,,,,,,,,,,,,56
9067,1,0,,,0,0,0,,,,,,,,,95
9080,,,,,0,1390,1390,,,,,6.0,6.0,32.0,,0
9095,,,,,,,,,,,,,,,,72
9099,80,0,,,,,,,,,,,,,,264
9114,,,,,,,,,,,,,,,,0
9117,,,,,,,,,,,,,,,,0
9118,10,0,,,,,,,,,,,,,,
9151,,,,,,,,,,,,,,,,0
9276,,,,,,,,,,,,,,,,225
9279,30,0,,,0,296,296,,,,,6.75,6.75,8.25,,0
9280,,,,,,,,,,,,,,,,0
9283,,,,,0,0,0,,,,,,,,,0
9284,,,,,,,,,,,,,,,,0
9305,,,,,0,0,0,,,,,,,,,0
9329,,,,,0,0,0,,,,,,,,,0
9344,36,0,,,0,126,126,,,,,,,,,0
9345,,,,,0,0,0,,,,,,,,,0
9346,36,0,,,0,186,186,,,,,,,,,0
9347,,,,,0,45,45,,,,,,,,,0
9348,,,,,0,50,50,,,,,,,,,0
9349,,,,,0,255,255,,,,,,,,,0
9350,156,0,,,0,0,0,,,,,,,,,0
9351,,,,,0,0,0,,,,,,,,,2
9352,,,,,0,0,0,,,,,,,,,0
9353,,,,,0,0,0,,,,,,,,,0
9359,,,,,,,,,,,,,,,,0
9361,,,,,,,,,,,,,,,,0
9364,,,,,,,,,,,,,,,,0
9365,,,,,,,,,,,,,,,,0
9367,,,,,,,,,,,,,,,,0
9368,,,,,0,0,0,,,,,,,,,0
9372,,,,,,,,,,,,,,,,0
9373,,,,,,,,,,,,,,,,0
9780,,,,,0,0,0,,,,,,,,,548
9781,,,,,0,0,0,,,,,,,,,222
9821,,,,,,,,,,,,,,,,228
9822,,,,,0,0,0,,,,,,,,,180
9823,0,17,,,0,0,0,,,,,,,,,201
9831,0,64,0.25,0.25,0,1400,1956,,,,,,,,,0
10050,,,,,,,,,,,,,,,,68
10075,86,11,1.25,0.0,0,29,80,,,,,,,,,99
10126,,,,,,,,,,,,,,,,145
10127,,,,,,,,,,,,,,,,6
10128,,,,,0,0,42,,,,,,,,,0
10130,40,0,,,0,0,3,,,,,,,,,12
10181,,,,,,,,,,,,,,,,386
10186,,,,,,,,,,,,,,,,140
10208,14,0,0.0,0.0,0,549,549,,,,,10.0,10.0,30.0,,46
10216,32,0,,,0,0,0,,,,,,,,,140
10222,,,,,,,,,,,,,,,,377
10273,,,,,,,,,,,,,,,,0
10338,,,,,,,,,,,,,,,,11
10339,84,0,,,0,0,2,,,,,,,,,8
10371,,,,,,,,,,,,,,,,0
10382,12,0,,,,,,,,,,,,,,411
10385,,,,,0,0,0,,,,,,,,,76
10386,,,,,,,,,,,,,,,,268
10494,,,,,,,,,,,,,,,,165
10495,56,6,1.25,0.0,0,0,0,,,,,,,,,227
10496,,,,,0,0,0,,,,,,,,,124
10497,66,2,1.25,0.0,0,5,39,,,,,,,,,99
10498,,,,,,,,,,,,,,,,496
10541,,,,,,,,,,,,,,,,22
10542,,,,,0,0,0,,,,,,,,,0
10562,,,,,,,,,,,,,,,,0
10606,,,,,,,,,,,,,,,,0
10610,,,,,,,,,,,,,,,,0
10611,,,,,,,,,,,,,,,,147
10627,,,,,,,,,,,,,,,,48
10629,,,,,0,235,235,,,,,,,20.0,,397
10630,0,12,1.25,1.25,0,105,105,,,,,1.0,1.0,24.0,,173
10631,0,19,0.75,0.75,,,,,,,,,,,,383
10632,6,8,0.766841627157266,0.766841627157266,0,0,0,,,,,,,,,244
10633,15,0,,,,,,,,,,,,,,320
10634,6,8,,,0,176,176,,,,,12.0,12.0,45.0,,0
10635,0,9,1.25,1.25,0,668,668,,,,,6.0303030305,6.0,22.0,,0
10636,9,9,,,0,0,0,,,,,,,,,243
10637,0,42,,,,,,,,,,,,,,212
10638,8,5,2.13756030885383,0.887560308853834,0,21,21,,,,,,,,,14
10639,2,27,1.18621630999947,0.0,0,34,59,,,,,,,,,0
10640,27,0,,,0,350,350,,,,,,,,,0
10641,26,8,0.75,0.75,0,0,0,,,,,,,,,0
10642,5,0,,,260,12,422,2.5,,,,,,20.0,,0
10643,2,0,,,21,0,21,2.5,,,,,,,,0
10644,,,,,280,317,597,2.5,,,,8.0,8.0,,,0
10645,10,0,,,20,0,20,2.5,,,,,,,,0
10646,10,0,,,0,413,413,,,,,5.0,5.0,11.0,,0
10647,,,,,113,128,241,2.5,,,,8.0,8.0,,,0
10648,28,0,,,14,393,407,1.75,,,,10.5,10.5,38.75,,0
10649,14,0,,,29,800,829,1.75,,,,10.5,10.5,38.75,,0
10650,20,0,,,0,41,55,,,,,15.0,15.0,15.0,,0
10651,36,46,,,0,1010,1588,,,,,8.0,8.0,8.375,,0
10652,0,2,,,0,14,14,,,,,,,,,169
10653,7,0,,,0,0,179,,,,,,,,,405
10654,,,,,0,0,106,,,,,,,,,239
10656,,,,,,,,,,,,,,,,0
10659,,,,,,,,,,,,,,,,14
10665,18,0,,,,,,,,,,,,,,20
10666,123,0,,,0,0,0,,,,,,,,,180
10667,17,0,,,0,0,0,,,,,,,,,36
10668,57,0,,,0,0,0,,,,,,,,,78
10669,55,0,,,0,5,12,,,,,,,,,164
10670,58,0,,,0,0,0,,,,,,,,,33
10671,,,,,0,0,24,,,,,,,,,17
10672,6,0,,,0,0,0,,,,,,,,,25
10673,4,0,0.0,0.0,0,0,0,,,,,,,,,129
10674,67,4,1.25,0.0,0,505,560,,,,,1.13572122127521,1.13572122127521,6.94535548602869,,16
10675,79,1,1.25,0.0,0,0,0,,,,,,,,,420
10676,36,0,0.0,0.0,,,,,,,,,,,,187
10677,0,2,1.25,0.0,,,,,,,,,,,,179
10691,1,0,,,,,,,,,,,,,,207
10702,22,0,,,,,,,,,,,,,,146
10703,,,,,,,,,,,,,,,,46
10716,,,,,,,,,,,,,,,,250
10717,,,,,,,,,,,,,,,,198
10726,9,0,,,0,0,0,,,,,,,,,0
10729,12,0,,,,,,,,,,,,,,0
10731,20,0,,,,,,,,,,,,,,0
10734,,,,,,,,,,,,,,,,14
10835,,,,,0,0,0,,,,,,,,,0
10848,142,0,,,0,0,0,,,,,,,,,0
10857,31,0,,,,,,,,,,,,,,70
10871,,,,,,,,,,,,,,,,52
10872,,,,,0,0,0,,,,,,,,,146
10908,,,,,,,,,,,,,,,,340
10909,,,,,,,,,,,,,,,,645
10910,,,,,,,,,,,,,,,,492
10920,,,,,,,,,,,,,,,,57
10921,,,,,,,,,,,,,,,,154
10937,,,,,272,19,291,2.75,1.5,5.975,100.5,,,,,0
11050,,,,,108,194,302,3.0,1.5,6.0,,2.0,2.0,20.0,,0
11133,,,,,,,,,,,,,,,,0
11134,13,0,0.0,0.0,,,,,,,,,,,,0
11135,,,,,,,,,,,,,,,,102
11136,,,,,,,,,,,,,,,,201
11137,,,,,,,,,,,,,,,,63
11142,,,,,,,,,,,,,,,,64
11144,,,,,,,,,,,,,,,,79
11146,28,0,,,,,,,,,,,,,,78
11147,16,0,,,,,,,,,,,,,,196
11148,36,0,,,,,,,,,,,,,,122
11149,36,0,,,,,,,,,,,,,,86
11150,41,0,,,0,24,32,,,,,,,,,115
11151,60,0,,,0,0,0,,,,,,,,,79
11152,39,12,1.25,0.0,0,105,205,,,,,,,,,104
11153,9,0,,,0,0,0,,,,,,,,,68
11154,8,0,,,0,133,133,,,,,3.0,,18.0,,0
11155,42,0,,,56,46,114,,,,,,,,,23
11156,,,,,0,0,0,,,,,,,,,0
11157,,,,,0,0,0,,,,,,,,,4
11162,,,,,,,,,,,,,,,,133
11167,32,0,,,0,0,11,,,,,,,,,37
11168,,,,,,,,,,,,,,,,139
11170,2,0,,,,,,,,,,,,,,0
11172,,,,,,,,,,,,,,,,84
11177,,,,,,,,,,,,,,,,5
11180,,,,,,,,,,,,,,,,33
11181,,,,,,,,,,,,,,,,277
11183,,,,,,,,,,,,,,,,30
11184,,,,,,,,,,,,,,,,35
11185,,,,,0,0,0,,,,,,,,,0
11186,0,2,,,0,2,2,,,,,,,,,65
11188,,,,,100,0,200,5.0,5.0,5.0,,,,,,0
11189,6,11,1.5,1.5,,,,,,,,,,,,48
11190,,,,,108,0,108,5.0,5.0,5.0,,,,,,0
11191,,,,,0,50,50,,,,,,,,,0
11192,31,0,,,0,0,116,,,,,,,,,0
11193,0,31,,,0,0,0,,,,,,,,,48
11194,3,26,1.5,1.5,66,0,150,2.0,,,,,,,,72
11195,26,55,1.32847538428154,1.32847538428154,40,0,40,,,2.0,,,,,,90
11196,10,59,1.5,1.5,33,0,33,3.0,3.0,,,,,,,136
11197,,,,,,,,,,,,,,,,0
11201,22,0,,,,,,,,,,,,,,56
11210,2,0,,,0,0,0,,,,,,,,,34
11211,88,0,,,0,94,115,,,,,5.0,5.0,7.0,,85
11212,15,0,,,0,96,128,,,,,3.0,3.0,16.0,,0
11242,4,0,,,,,,,,,,,,,,0
11243,66,0,,,0,1800,1888,,,,,,,20.0,,0
11244,238,10,0.916666666666666,0.0,500,78,628,,,,,3.0,3.0,15.95,,0
11245,18,0,,,,,,,,,,,,,,0
11246,16,0,,,0,0,224,,,,,,,,,0
11247,76,0,,,0,2,2,,,,,6.0,6.0,36.0,,0
11248,,,,,0,2,102,,,,,6.0,6.0,36.0,,0
11249,6,0,,,0,1,1,,,,,6.0,6.0,36.0,,0
11250,130,0,,,0,1204,1204,,,,,6.0,6.0,32.0,,0
11251,60,0,,,0,2900,2900,,,,,6.0,6.0,32.0,,0
11252,10,0,,,0,0,0,,,,,,,,,0
11282,6,0,,,0,0,0,,,,,,,,,135
11284,52,0,1.25,0.0,0,12,12,,,,,,,,,0
11285,290,9,1.25,0.0,0,40,58,,,,,,,,,0
11286,,,,,,,,,,,,,,,,0
11287,14,0,,,,,,,,,,,,,,139
11293,18,0,,,0,0,0,,,,,,,,,0
11321,10,0,,,,,,,,,,,,,,14
11322,,,,,,,,,,,,,,,,188
11358,,,,,,,,,,,,,,,,0
11361,,,,,0,0,0,,,,,,,,,0
11430,135,0,,,0,1038,1038,,,,,,,25.0,,
11431,144,0,,,0,2881,2881,,,,,,,25.0,,
11504,,,,,,,,,,,,,,,,195
11533,108,0,,,0,0,0,,,,,,,,,87
11534,,,,,,,,,,,,,,,,64
11584,,,,,,,,,,,,,,,,106
11586,,,,,,,,,,,,,,,,0
11587,,,,,,,,,,,,,,,,0
11695,,,,,,,,,,,,,,,,0
11813,,,,,,,,,,,,,,,,212
12046,,,,,,,,,,,,,,,,0
12048,,,,,,,,,,,,,,,,89
12050,,,,,,,,,,,,,,,,158
12060,172,0,,,,,,,,,,,,,,120
12061,,,,,0,0,0,,,,,,,,,0
12062,163,0,,,0,0,0,,,,,,,,,130
12063,290,0,,,,,,,,,,,,,,220
12064,283,0,,,,,,,,,,,,,,
12065,92,0,,,0,0,39,,,,,,,,,320
12066,76,0,,,26,43,69,,,,,,,,,152
12067,62,0,,,0,0,0,,,,,,,,,310
12070,128,0,,,316,561,1186,3.0,3.0,,,3.0,3.0,15.0,,0
12093,,,,,,,,,,,,,,,,0
12094,41,13,0.75,0.0,0,330,330,,,,,,,,,188
12095,,,,,,,,,,,,,,,,118
12192,,,,,,,,,,,,,,,,118
12677,28,0,,,50,0,75,,,,,,,,,180
12683,0,8,0.75,0.0,0,0,0,,,,,,,,,0
12684,0,20,0.75,0.0,0,15,37,,,,,,,,,5
12685,,,,,0,0,0,,,,,,,,,0
12686,2,0,,,,,,,,,,,,,,0
12687,6,0,,,,,,,,,,,,,,0
12688,,,,,,,,,,,,,,,,0
12689,,,,,413,15,428,3.0,3.0,7.0,,3.0,3.0,,,0
12690,,,,,185,7,192,3.0,3.0,7.0,,3.0,3.0,,,0
12691,16,0,,,281,11,292,3.0,3.0,7.0,,3.0,3.0,,,0
12692,,,,,0,0,0,,,,,,,,,0
12702,,,,,,,,,,,,,,,,0
12703,,,,,,,,,,,,,,,,0
12704,,,,,,,,,,,,,,,,0
12706,,,,,37,67,104,3.0,1.5,6.0,,2.0,2.0,20.0,,0
12707,,,,,33,59,92,3.0,1.5,6.0,,2.0,2.0,20.0,,0
12708,14,0,,,0,0,0,,,,,,,,,0
12709,0,0,,,,,,,,,,,,,,0
12710,,,,,142,0,142,3.0,1.5,5.5,90.0,,,,,0
12711,20,0,,,338,0,338,3.0,1.5,5.5,90.0,,,,,0
12712,,,,,204,52,256,3.0,1.5,4.89732142857142,68.3035714285714,2.0,2.0,20.0,,0
12713,,,,,52,0,52,3.0,1.5,5.89999999999999,93.0,,,,,0
12782,22,0,,,,,,,,,,,,,,0
12984,8,7,,,0,0,0,,,,,,,,,0
12985,,,,,0,648,654,,,,,9.75,10.75,35.25,150.0,0
13141,,,,,0,0,0,,,,,,,,,0
13144,226,0,,,499,1958,2457,,,,,1.0,1.0,5.0,,0
13145,,,,,,,,,,,,,,,,94
13363,59,0,,,0,0,0,,,,,,,,,298
13365,,,,,,,,,,,,,,,,268
13381,,,,,,,,,,,,,,,,0
13382,,,,,,,,,,,,,,,,657
13384,,,,,,,,,,,,,,,,0
13624,,,,,0,0,0,,,,,,,,,0
13626,,,,,0,0,0,,,,,,,,,0
13627,,,,,230,0,230,,,,,,,,,0
13628,,,,,,,,,,,,,,,,0
13981,,,,,,,,,,,,,,,,207
13994,1,0,,,,,,,,,,,,,,0
13995,,,,,,,,,,,,,,,,112
13998,,,,,,,,,,,,,,,,0
13999,,,,,,,,,,,,,,,,0
14000,,,,,,,,,,,,,,,,591
14002,30,0,,,0,1376,1376,,,,,,,12.1601075877689,,0
14003,6,0,,,0,0,0,,,,,,,,,0
14004,,,,,,,,,,,,,,,,171
14005,41,0,,,0,1399,1399,,,,,,,16.0,,0
14007,20,0,,,0,819,819,,,,,,,,,0
14008,22,0,,,420,951,1773,,,,,,,12.0,,0
14011,6,0,,,,,,,,,,,,,,640
14013,13,0,,,,,,,,,,,,,,0
14253,,,,,,,,,,,,,,,,159
14340,19,0,,,,,,,,,,,,,,0
14343,,,,,0,0,0,,,,,,,,,282
14361,73,0,,,0,24,44,,,,,,,,,116
14362,9,0,,,0,0,0,,,,,,,,,2
14366,,,,,,,,,,,,,,,,104
14367,,,,,,,,,,,,,,,,36
14403,44,0,,,,,,,,,,,,,,190
16182,,,,,,,,,,,,,,,,0
19362,23,0,,,0,0,0,,,,,,,,,0
19369,,,,,0,0,0,,,,,,,,,212
19370,180,0,,,0,100,100,,,,,,,,,0
19371,,,,,0,0,0,,,,,,,,,152
19455,43,0,,,,,,,,,,,,,,0
19468,16,0,,,,,,,,,,,,,,218
19613,9,0,,,0,0,0,,,,,,,,,5
19898,,,,,,,,,,,,,,,,0
19956,11,0,,,,,,,,,,,,,,17
19957,17,0,,,0,0,73,,,,,,,,,106
19958,78,0,,,0,101,204,,,,,,,,,40
19959,38,0,,,,,,,,,,,,,,57
19960,10,0,,,0,0,1022,,,,,,,,,0
19961,23,0,,,0,89,122,,,,,,,,,0
19962,16,0,,,,,,,,,,,,,,0
19963,11,0,,,,,,,,,,,,,,0
19964,17,0,,,0,0,673,,,,,,,,,0
20184,25,0,,,,,,,,,,,,,,6
20185,,,,,,,,,,,,,,,,0
20186,,,,,,,,,,,,,,,,0
20253,,,,,,,,,,,,,,,,0
20260,123,0,,,0,0,0,,,,,,,,,468
20261,199,0,,,2620,0,2654,3.95959716583074,3.95959716583074,9.54040283416925,75.0,,,,,0
20267,117,0,,,,,,,,,,,,,,
20328,48,0,,,0,38,98,,,,,,,,,0
20424,61,0,,,0,32,47,,,,,,,,,20
20425,,,,,0,0,0,,,,,,,,,3
20469,122,0,,,,,,,,,,,,,,
20470,,,,,,,,,,,,,,,,809
20472,,,,,0,0,0,,,,,,,,,28
20486,54,0,,,,,,,,,,,,,,0
20492,38,0,,,,,,,,,,,,,,0
20495,78,0,,,,,,,,,,,,,,48
20718,,,,,,,,,,,,,,,,0
20720,1,0,,,,,,,,,,,,,,14
20854,9,0,,,,,,,,,,,,,,0
20855,,,,,,,,,,,,,,,,6
23018,,,,,,,,,,,,,,,,0
23019,,,,,0,6,6,,,,,,,,,0
23020,64,0,,,720,679,1399,,,,,5.0,5.0,5.0,,0
23021,,,,,,,,,,,,,,,,0
23052,,,,,,,,,,,,,,,,0
23055,,,,,,,,,,,,,,,,0
23059,,,,,333,301,906,,,,,,,,,0
23060,83,0,,,0,223,223,,,,,,,,,0
23061,,,,,,,,,,,,,,,,0
23063,,,,,,,,,,,,,,,,0
23064,,,,,,,,,,,,,,,,2
23622,19,0,,,0,0,150,,,,,,,,,0
23623,42,0,,,67,8,170,,,,,,,,,20
23624,28,0,,,0,2,98,,,,,,,,,0
23625,30,0,,,83,26,173,,,,,,,,,0
23626,28,0,,,0,26,124,,,,,,,,,0
23627,30,0,,,0,3,102,,,,,,,,,0
23628,39,0,,,0,14,125,,,,,,,,,0
23629,32,0,,,0,73,95,,,,,,,,,0
23630,42,0,,,0,109,138,,,,,,,,,0
23631,24,0,,,0,14,80,,,,,,,,,0
23632,26,0,,,0,0,45,,,,,,,,,0
23740,,,,,,,,,,,,,,,,200
23821,67,0,,,0,0,0,,,,,,,,,62
23822,178,0,,,0,194,208,,,,,6.71144278606965,6.71144278606965,15.4985074626865,2.23880597014925,71
23833,2,0,,,,,,,,,,,,,,583
23949,,,,,,,,,,,,,,,,0
23950,,,,,,,,,,,,,,,,0
23999,,,,,,,,,,,,,,,,0
24000,,,,,0,0,0,,,,,,,,,0
24047,95,5,,,0,5,5,,,,,,,,,168
24048,21,0,,,0,0,0,,,,,,,,,122
24064,136,0,,,0,904,1924,,,,,,,,,0
24116,,,,,499,34,533,2.75,1.5,5.975,100.5,,,,,0
24242,,,,,0,0,0,,,,,,,,,0
24243,,,,,0,159,1068,,,,,,,,,0
24244,,,,,0,76,76,,,,,,,,,0
24245,24,0,,,0,66,66,,,,,,,,,0
24246,,,,,,,,,,,,,,,,0
24313,0,34,1.5,1.5,74,0,168,2.0,,,,,,,,64
